/*
SQLyog Ultimate v11.25 (64 bit)
MySQL - 10.1.28-MariaDB : Database - ihs
*********************************************************************
*/

/*!40101 SET NAMES utf8 */;

/*!40101 SET SQL_MODE=''*/;

/*!40014 SET @OLD_UNIQUE_CHECKS=@@UNIQUE_CHECKS, UNIQUE_CHECKS=0 */;
/*!40014 SET @OLD_FOREIGN_KEY_CHECKS=@@FOREIGN_KEY_CHECKS, FOREIGN_KEY_CHECKS=0 */;
/*!40101 SET @OLD_SQL_MODE=@@SQL_MODE, SQL_MODE='NO_AUTO_VALUE_ON_ZERO' */;
/*!40111 SET @OLD_SQL_NOTES=@@SQL_NOTES, SQL_NOTES=0 */;
CREATE DATABASE /*!32312 IF NOT EXISTS*/`ihs` /*!40100 DEFAULT CHARACTER SET utf8 */;

USE `ihs`;

/*Table structure for table `city` */

CREATE TABLE `city` (
  `cid` int(11) unsigned NOT NULL AUTO_INCREMENT COMMENT '城市id,主键自增',
  `city_name` varchar(16) DEFAULT NULL COMMENT '城市名',
  PRIMARY KEY (`cid`),
  UNIQUE KEY `UNIQUE` (`city_name`)
) ENGINE=InnoDB AUTO_INCREMENT=6 DEFAULT CHARSET=utf8;

/*Data for the table `city` */

insert  into `city`(`cid`,`city_name`) values (5,'上海'),(2,'北京'),(3,'成都'),(4,'涪陵'),(1,'重庆');

/*Table structure for table `house` */

CREATE TABLE `house` (
  `hid` int(11) unsigned NOT NULL AUTO_INCREMENT COMMENT '房源id,主键自增',
  `cid` int(11) unsigned NOT NULL COMMENT '外键,城市id',
  `title` varchar(255) NOT NULL COMMENT '标题',
  `address` varchar(255) NOT NULL COMMENT '地址',
  `detail` varchar(255) NOT NULL COMMENT '详情',
  `price` decimal(8,2) NOT NULL COMMENT '价格',
  `old_price` decimal(8,2) DEFAULT NULL COMMENT '折前价',
  `house_phone` char(11) NOT NULL COMMENT '联系电话',
  `pic_1` varchar(255) DEFAULT NULL COMMENT '图1',
  `pic_2` varchar(255) DEFAULT NULL COMMENT '图2',
  `pic_3` varchar(255) DEFAULT NULL COMMENT '图3',
  PRIMARY KEY (`hid`),
  KEY `cid` (`cid`),
  CONSTRAINT `house_ibfk_1` FOREIGN KEY (`cid`) REFERENCES `city` (`cid`)
) ENGINE=InnoDB AUTO_INCREMENT=151 DEFAULT CHARSET=utf8;

/*Data for the table `house` */

insert  into `house`(`hid`,`cid`,`title`,`address`,`detail`,`price`,`old_price`,`house_phone`,`pic_1`,`pic_2`,`pic_3`) values (1,1,'【千寻】4K巨幕商务大床房/落地窗已消毒/观音桥九街/地铁口/直达解放碑洪崖洞/开发票选择商旅服务',' 重庆市, 渝北区, 东原晴天见','【概要】\n旅行是一种期待与不确定的状态。向往未知、最大化人生体验、了解的越多，再回到生活中格局也自当不同。“慢活”是一种全新的生活方式与哲学，在喧嚣的都市中，有一处静谧的地方让你歇息，“大隐隐于市”黄泥磅商圈附近，一间充满趣味的民宿悄悄孕育生长，温馨的奶茶配色，空白之中留下精致的记忆，优雅的居住配置，让你卸下疲惫，舒适的居住环境，走近千寻sunshine，幸福充满着每一个角落，热爱生活，并且充满信心。\n【位置】\n公寓位于城市轴心-江北“五黄大社区”核心地段，距离六号线地铁黄泥磅地铁站步行仅需3分钟……（解','129.00','150.00','13912345678','https://z1.muscache.cn/im/pictures/miso/Hosting-48686221/original/4a6b58a1-90e6-4e04-9513-846ba1337b1e.jpeg?aki_policy=large','https://z1.muscache.cn/im/pictures/miso/Hosting-48686091/original/0c67181f-0b3c-4398-911e-085bafe527fa.jpeg?aki_policy=large','https://z1.muscache.cn/im/pictures/miso/Hosting-48686221/original/058acd27-6c90-4228-a0d4-a9b443edaf4a.jpeg?aki_policy=large'),(2,1,'【四分之三旅宿】无遮挡江景/超大露台/双人浴缸/管家接待/免费停车/120平米一居室套房','重庆市南岸区长江国际公寓1714','房源面积120平米，超豪华一居室江景套房，正对嘉陵江和长江两江交汇处，随时都能欣赏到来福士的灯光美景！旅宿楼下，即是可一边品尝道地火锅，一边观赏两江交汇的美味食肆－三六九南滨别院。距离小屋步行不到1KM，即是长嘉汇购物公园，内设杜莎夫人腊像馆，H&M购物店等及各式美食，广场有直达重庆各景点的旅游观光车，可根据自己需求选择不同线路到达景点，票价在5－15元。长嘉汇购物公园广场马路对面，即是弹子石轮渡码头，乘坐轮渡可到达长江对岸的朝天门码头，江北嘴大剧院等地。朝天门轮渡码头步行不到1KM…','582.00',NULL,'13030305050','https://z1.muscache.cn/im/pictures/53568e98-bb13-432d-a9fb-4204cbeef5b6.jpg?aki_policy=large','https://z1.muscache.cn/im/pictures/miso/Hosting-43436280/original/95af4ece-268d-4894-8f28-667168cb5ec8.jpeg?aki_policy=large','https://z1.muscache.cn/im/pictures/2fc5d8d7-3e0d-406b-b70b-c0a6df375668.jpg?aki_policy=large'),(3,1,'【千寻】解放碑/洪崖洞/十八梯/双地铁口/高清巨幕投影/高档小区/可开发票&自然系大床房','重庆市, 渝中区, 解放碑|1号|3栋','房源面积120平米，超豪华一居室江景套房，正对嘉陵江和长江两江交汇处，随时都能欣赏到来福士的灯光美景！小区24小时巡逻，每小时巡逻由一名安保人员按照楼层顺序、巡逻保证小主的安全。美食：楼下就是重庆著名的好吃街、李串串总店、石灰市烧鸡公、肖炮酥肉、耍家猪脚、佩姐火锅、山城汤圆、冰粉、凉虾、凉糕等，几乎各种口味都能找到。步行5分钟可到解放碑广场。','170.00',NULL,'18811112222','https://z1.muscache.cn/im/pictures/5a72554e-738f-4902-a695-873f72602bdd.jpg?aki_policy=large','https://z1.muscache.cn/im/pictures/780bb294-b3f8-4686-b08a-2821a098f659.jpg?aki_policy=large','https://z1.muscache.cn/im/pictures/17cc7c92-aadb-48d8-9783-798c4413e563.jpg?aki_policy=large'),(4,1,'《一半 · 安迪晓屋》性冷淡风投影浴缸大床/步行即达解放碑洪崖洞/下楼地铁站','重庆市, 渝中区, 金山商务大厦','这是一次颠覆性的尝试，新颖的布局配上落地玻璃隔断，让房间宽敞通透，为最亲蜜的旅途伴侣打造最别致的空间体验。充满纯净和高级感的白色系风，落地窗边配置了超大圆形欧式浴缸，无论是阴冷的寒冬还是酷热的炎夏，一边泡澡，一边追一部心爱的剧目，一天的劳顿瞬间融化，再和亲密的伴侣钻入别致的睡眠空间，世界变得又小又安静。对了，淋浴区很宽大很舒适哦，让厌倦了尴尬逼仄空间的你，舒缓优雅地洗去一天的疲惫……','149.00',NULL,'16612457836','https://z1.muscache.cn/im/pictures/0cfb6bfa-4ceb-428e-9a39-2a5906c11b65.jpg?aki_policy=large','https://z1.muscache.cn/im/pictures/4b74c8eb-d161-48a8-81e5-6c226e6537f1.jpg?aki_policy=large','https://z1.muscache.cn/im/pictures/1d20f837-6d71-484b-ae11-9f20890edac5.jpg?aki_policy=large'),(5,1,'【路寓·悠悠】解放碑好吃街 豪华投影浴缸房','重庆市, 渝中区, 阳光星座','房源为整套房源，大开间格局，独立卫生间，简洁明亮的欧式装修,超大落地窗;楼下有银行,便利店,超市,楼后有一天餐饮街;楼下是公交站,走几百米是二号线黄花园轻轨站，三个站就到网红穿楼而过的李子坝站;坐车五分钟到解放碑,走路十分钟到洪崖洞。交通、生活、旅行都及其方便。','139.00','160.00','15512369874','https://z1.muscache.cn/im/pictures/miso/Hosting-49231453/original/22a60fa1-a2a5-4692-a546-27bc14f9be17.jpeg?aki_policy=large','https://z1.muscache.cn/im/pictures/miso/Hosting-49231453/original/0bf365e9-85ee-49f8-8e92-d0d62cdb0527.jpeg?aki_policy=large','https://z1.muscache.cn/im/pictures/miso/Hosting-49231453/original/3b5f5254-617d-4c84-9ff3-191834ba29b4.jpeg?aki_policy=large'),(6,1,'【拾光2818】解放碑好吃街/朝天门来福士/洪崖洞/长江索道/小什字地铁站高层北欧简约江景套房','重庆市, 渝中区, 时代天骄(新华路)','渝中区解放碑商圈/朝天门/红崖洞/长江索道附近＜拾光＞高层北欧简约风双景观房/亲子套房50平宽户一居室配置1.5米大床及双人沙发满足您及家人的出行需求；足不出户就能欣赏网红城市重庆魅力无限的夜景，山城高低错落的建筑尽显眼前。宽敞的一室一厅备套齐全(空调/投影/WF/冰箱/酒吧台/洗衣机/电吹风）满足各种出行需求，超舒适的床上用品及定制的品质卫浴用品让您感受到贵宾服务，选择【拾光】让你的旅途更加舒心！','134.00','180.00','14932165478','\nhttps://z1.muscache.cn/im/pictures/61642749-0aa8-4b56-a245-f3131c2e9811.jpg?aki_policy=large\n','\nhttps://z1.muscache.cn/im/pictures/0b74d19a-fc4f-44b4-8da0-7d34bd883295.jpg?aki_policy=large\n','\nhttps://z1.muscache.cn/im/pictures/ce6349a5-1107-4386-afc3-84208e053b23.jpg?aki_policy=large\n'),(7,2,'温馨大床房 紧邻儿研所，第一使馆区三里屯/工体，建国门国贸，临近朝阳门地铁站','北京市, 朝阳区,日坛公园','在一段喧嚣繁忙后，带上家人，约着朋友来这里享受度假的日子，这里有繁华街景，饭后楼下就是日坛公园享受皇家园林的饭后时光，可以去三里屯逛街，这个房间是一个独立开间，采光为内窗房型。可以供您休息和收看电视节目，厨房有冰箱、电磁炉以及厨具，在旅途中可以亲手制作美食，（厨具需要到房东这来领取）。','305.00','340.00','15774125896','\nhttps://z1.muscache.cn/im/pictures/miso/Hosting-48685956/original/e0ea5a3c-6893-42c6-bbce-0fc3ba6542ea.jpeg?aki_policy=large','\nhttps://z1.muscache.cn/im/pictures/miso/Hosting-48684890/original/cab19784-c022-4e58-a165-283d9a911d76.jpeg?aki_policy=large','\nhttps://z1.muscache.cn/im/pictures/miso/Hosting-48685956/original/3a6484c9-bf65-4a17-8ae5-9403b2b864be.jpeg?aki_policy=large'),(8,2,'【逅来·森林】百子湾地铁/国贸CBD/三里屯/大望路/欢乐谷/四惠/复式loft/高清私人影院/北京','北京市, 朝阳区，沿海赛洛城','网红潮人社区-野奢画报拍摄-置身Loft“森林小屋”，听着鸟语、闻着花香，品着咖啡静心阅读，体验仙境般的秘密生活，更能拍出画报般的质感大片，为你的社交账号增添一分精致。每间民宿均由逅来独立原创设计师设计，并匹配专属私人管家为您倾心服务，还有专业品控师保证入住体验。','498.00',NULL,'13615935755','\nhttps://z1.muscache.cn/im/pictures/036109da-50eb-4554-98b4-9e4f59567471.jpg?aki_policy=large\n','\nhttps://z1.muscache.cn/im/pictures/98dd5b96-b6dd-44f3-9391-6c1e886a46ac.jpg?aki_policy=large\n','\nhttps://z1.muscache.cn/im/pictures/4a1774f4-2644-4d9c-abea-262b07a9562c.jpg?aki_policy=large\n'),(9,2,'9婉婷情怀大床房/近天安门/故宫/南锣鼓巷/王府井，簋街/协和医院/陆军总医院','北京市, 东城区, 平安发展大厦','接下来我要分享一下我住的小院落“红日路四合院”：小院座落于北京东城区，上下两层的建筑，木制台阶和连廊包围着小小的庭院。灰色的墙砖，屋顶片片青瓦，红绿色的建筑色彩搭配及雕花装饰，让人一眼就喜欢上它的古色古香。站在二楼可以俯瞰整个胡同，感受清晨的第一缕阳光和鸟鸣，可以随意摆着各种pose拍照。闲时您也可以在庭院里坐着小马夹品茶话闲，惬意之时，也体会一把古人的“偷得浮生半日闲”。','291.00',NULL,'19823687419','\nhttps://z1.muscache.cn/im/pictures/aefbb8f1-5a78-4b74-a9a2-9bd105406237.jpg?aki_policy=large\n','\nhttps://z1.muscache.cn/im/pictures/ffff2fa3-eabd-4fc1-a9e1-5229d2ff7fa3.jpg?aki_policy=x_large\n','\nhttps://z1.muscache.cn/im/pictures/42f36554-9d5b-4618-8e09-76e9d92776d2.jpg?aki_policy=x_large\n'),(10,2,'天坛公园，天安门，前门，大栅栏，故宫，王府井，雍和宫，水立方，鸟巢地铁5/14号线附近，北京南站。',' 北京市, 丰台区, 芳群园2区','为旅居北京的国内各界人士提供短期租房服务，倾力为您打造出一种具有居家式的居住环境和管家式服务的时尚居住式。','384.00','400.00','14612365478','\nhttps://z1.muscache.cn/im/pictures/miso/Hosting-44198062/original/37c14975-8031-4e10-9620-83c8e45a7dac.jpeg?aki_policy=large\n','\nhttps://z1.muscache.cn/im/pictures/miso/Hosting-44198062/original/67104c9c-2262-48eb-b3f0-c734c75ea375.jpeg?aki_policy=large\n','\nhttps://z1.muscache.cn/im/pictures/256b61a6-f80f-49cd-8a67-b99a27ecfcb5.jpg?aki_policy=x_large\n'),(11,2,'【栖心】2-大郊亭7号线/近合生汇/百子湾/国贸/双井/欢乐谷/92寸大投影日式和风loft公寓','北京市, 朝阳区, 大成国际公寓A座','欢迎您入住日式和风LOFT——栖心。房源位于北京市朝阳区，靠近百子湾/大望路/国贸，距离“大郊亭”地铁站大约700米，乘坐地铁7号线，交通便利。','534.00',NULL,'15798765432','\nhttps://z1.muscache.cn/im/pictures/69732c69-c014-45f3-92d7-fb581d885df8.jpg?aki_policy=large\n','\nhttps://z1.muscache.cn/im/pictures/1dccbfe8-85e9-4267-bc16-cb90a1f4afdb.jpg?aki_policy=large\n','\nhttps://z1.muscache.cn/im/pictures/7d5fb64a-dc66-4112-8e65-e9023281cf40.jpg?aki_policy=x_large\n'),(12,2,'【下单享八折】三里屯舒适安静一居室/近太古里北区/近团结湖地铁站/国贸CBD','北京市, 朝阳区, 三里屯','位置：地处北京年轻潮流的三里屯商圈内，位于三里屯太古里步行街边，下楼马路对面便是3.3大厦、那里花园、三联韬奋书店、同里大厦，向南便是三里屯太古里、酒吧一条街、三里屯SOHO，只有几分钟的步程，向西便是工人体育场、世茂工三、蜂巢剧场。来住的客人会去工体看一场演唱会，或是去红街吃一顿地道的火锅，或是茶余饭后去那里花园的小广场停留休憩，或是去北京美书店老书虫享受安静的读书时光，你可以拥有三里屯“魔幻现实主义”的所有惊喜。','360.00','400.00','18512126969','\nhttps://z1.muscache.cn/im/pictures/dadfb3bb-0425-4baa-b47f-ea1033cf5773.jpg?aki_policy=large\n','\nhttps://z1.muscache.cn/im/pictures/1d493e63-154f-4bca-a051-bc5846ecd0c5.jpg?aki_policy=large\n','\nhttps://z1.muscache.cn/im/pictures/71ce5898-411f-49ec-a822-4c62c878eeeb.jpg?aki_policy=x_large\n'),(13,3,'無舍·日旭 【每客消杀安心入住】/高清投影/免费行李寄存/东大路地铁站/近春熙路太古里IFS','四川省, 成都市, 锦江区, 环球汇·蔚然','【房源位置】2号线东大路地铁站旁,距离春熙路太古里和成都东站交通都很方便,地铁2-4站直达,打车也在15分钟内可到达、距离双流机场也只有17KM，是您旅游、出行、休息的不二之选。周边街区成熟，楼下就有连锁便利店,日常用品都能买到餐厅 小吃 火锅 应有尽有,您可以品尝到很地道的成都美食。房东随时在线，提供各种帮助及成都吃喝玩乐建议。也可点开我头像查看我的其他房源。','158.00',NULL,'17745451212','\nhttps://z1.muscache.cn/im/pictures/748c9e80-3dd6-41c0-b690-230532ed141b.jpg?aki_policy=large\n','\nhttps://z1.muscache.cn/im/pictures/f55dcf4f-75cd-4ea6-a77b-7db22e2a8d90.jpg?aki_policy=x_large\n','\nhttps://z1.muscache.cn/im/pictures/5bd0238b-9611-4072-b354-b115bd38abf5.jpg?aki_policy=x_large\n'),(14,3,'Jungle | 鸭川 春熙路太古里旁小京都/带独立庭院/悠扬夏日/中央空调','四川省, 成都市, 锦江区, 天誉南区','1.8×2米双人床（宜住两人可住三人）、软硬适中床垫(深睡、完全静音)、latex system乳胶枕芯、全套高级床品。希望带给您无忧的睡眠体验。','119.00',NULL,'13326265959','\nhttps://z1.muscache.cn/im/pictures/96de6175-e336-4699-a732-c1dc51b6ee43.jpg?aki_policy=large\n','\nhttps://z1.muscache.cn/im/pictures/fa941182-0735-40b4-ac35-bea64b5a6a44.jpg?aki_policy=large\n','\nhttps://z1.muscache.cn/im/pictures/d505d1c4-bc1f-451e-8ef9-ed46d9121d9e.jpg?aki_policy=large\n'),(15,3,'超清投影&下楼就有地铁&距离春熙路4个站&文殊院&舒适LOFT&可住4人','四川省, 成都市, 金牛区, 龙湖·上城(建设中)','Hello，你所浏览的房源是一套一室一厨一卫的精装公寓我们有l两张1.5x2m大床，可供4人居住，『高速WIFI、空调、冰箱、洗衣机、电梯、电热水器、门禁、电热水壶、沙发、衣架』，房门配有智能密码锁，方便您进出；','194.00','999.00','13688889999','\nhttps://z1.muscache.cn/im/pictures/de5ea966-89f6-4087-8e02-a4dad2a7eb93.jpg?aki_policy=large\n','\nhttps://z1.muscache.cn/im/pictures/de5ea966-89f6-4087-8e02-a4dad2a7eb93.jpg?aki_policy=large\n','\nhttps://z1.muscache.cn/im/pictures/44e27a4c-e9c8-4cf5-9e2f-8d1e53829aeb.jpg?aki_policy=large\n'),(16,3,'漫漫|云里 免清洁费！高品质设计公寓/8分钟到春熙路/下楼地铁口/家庭影院/地下停车/可开票','四川省, 成都市, 金牛区, 人民北路一段','房源位于人民北路地铁站B口，地铁1号线与地铁6号线交汇处。下楼便是龙湖的综合商业体，吃喝玩乐超级方便！位置绝佳，交通极其便利，地铁三站直达天府广场，四站可达春熙路太古里。仅靠金牛万达广场、龙湖上城天街购物中心、成都火车站、文殊院、宽窄巷子。','174.00',NULL,'15615154848','\nhttps://z1.muscache.cn/im/pictures/d8a4352f-8324-4845-b5cf-f41477baf784.jpg?aki_policy=large\n','\nhttps://z1.muscache.cn/im/pictures/9c2e6d67-6fa1-4578-866f-a9c1377fbf52.jpg?aki_policy=large\n','\nhttps://z1.muscache.cn/im/pictures/4938b246-22f3-43a4-be71-53e311d30e0c.jpg?aki_policy=large\n'),(17,3,'【网红空中花园】春熙路｜熊猫基地｜宽窄巷子｜楼下王府井｜近地铁｜免费空中书吧｜空中咖啡厅｜严格消毒｜','四川省, 成都市, 成华区, 永立龙寓','我们根据面积从小到大一共三种房型，每种房型都有数套，装修风格一样，都在这栋楼里面，可以多订。点击房东头像，浏览更多其他房型，记得关注收藏房源呦！','158.00',NULL,'14496325888','\nhttps://z1.muscache.cn/im/pictures/1cde920a-9e5c-45d3-a760-847abface937.jpg?aki_policy=large\n','\nhttps://z1.muscache.cn/im/pictures/d14b4bb0-9e70-4288-b3e6-4b878b7dc369.jpg?aki_policy=large\n','\nhttps://z1.muscache.cn/im/pictures/51eca491-e9d3-4c77-a95c-e2ad9d2a9cec.jpg?aki_policy=large\n'),(18,3,'【無舍民宿·石粹】100寸高清投影/地铁口/行李免费寄存/近春熙路/九眼桥/东站/宽窄巷/天府广场','四川省, 成都市, 锦江区, 环球汇·蔚然','大家好,我是房东瓶子,成都本地大男孩,了解本地的各种美食,可以帮你做推荐｡【交通】距地铁2号线东大路站100m,2站即到成都东站,4站即到春熙路步行街(ifs､太古里),及近邻宽窄巷子､锦里､武侯祠､东郊记忆､杜甫草堂等各大景区｡【小区】高档板块的豪华公寓,酒店式入户大堂,市中心环境好,24小时安保系统','138.00','999.00','16812312399','\nhttps://z1.muscache.cn/im/pictures/miso/Hosting-47258093/original/f7afc6fa-1828-4a3e-8597-4ef848759907.jpeg?aki_policy=large\n','\nhttps://z1.muscache.cn/im/pictures/miso/Hosting-47258093/original/edb70213-51c0-4487-879b-3c02ff572875.jpeg?aki_policy=large\n','\nhttps://z1.muscache.cn/im/pictures/miso/Hosting-47258093/original/483a8d6c-f8ef-4431-bb81-63d0f5d5060a.jpeg?aki_policy=x_large\n'),(19,4,'涪陵高笋塘新世纪泽胜双子塔观景房','重庆市, 涪陵区, 涪陵荔枝街道','房间为北欧风格，位于高层楼房，配有洗衣机、冰箱、厨具，可洗衣做饭。百兆宽带极速上网，55寸超大液晶电视，空调，智能门锁，沙发，茶几，优质床上用品，高档洗漱用品等。房间由专业人员清洁，每客一扫，每客一换，干净整洁。','136.00',NULL,'19912345689','\nhttps://z1.muscache.cn/im/pictures/10b77f24-5e62-45d3-ac42-b6c1997548fd.jpg?aki_policy=large\n','\nhttps://z1.muscache.cn/im/pictures/5ca9d3a5-6dcd-4554-b258-198f95acb4ca.jpg?aki_policy=large\n','\nhttps://z1.muscache.cn/im/pictures/2717192c-fee7-4e07-b117-4a70c083b190.jpg?aki_policy=large\n'),(20,4,'涪陵泽胜中央广场～舒适全街景房（可洗衣做饭）','重庆市, 涪陵区, 双子塔','现代风格装修。临街落地窗，丽江手鼓、小冰箱，独立厨房可做饭。配有优眠乳胶床垫，手机充电器。床品及巾类严格按四星酒店标准洗涤，杯具及拖鞋用84消毒液浸泡消毒。当您出差旅行下榻该房间时，可悠闲坐落地窗旁，看来往的路人风景，敲响丽江手鼓感受独有的浪漫情怀！','189.00',NULL,'15612345612','\nhttps://z1.muscache.cn/im/pictures/ecb6aeca-039e-44e8-bc29-0c420f7a8635.jpg?aki_policy=large\n','\nhttps://z1.muscache.cn/im/pictures/9d69dfaf-9f1e-4728-a2ca-228529650a87.jpg?aki_policy=large\n','\nhttps://z1.muscache.cn/im/pictures/dabeda9c-fc81-4298-9bc5-ffc461708d2c.jpg?aki_policy=x_large\n'),(21,4,'涪陵泽胜中央广场～落地大床房（可做饭）','重庆市, 涪陵区, 双子塔','日式原木风格装修，大飘窗、独立洗浴间、独立厨房可做饭。该房间最多可入住三人，是三口之家的首要选择。配有优眠乳胶床垫，手机充电器，可点播网络电视。床品及巾类严格按四星酒店标准洗涤，杯具及拖鞋用84消毒液浸泡消毒。希望房间内别具童真和风情的休闲沙发能给您的旅途带去一丝温暖和轻松。','173.00','999.00','13487654321','\nhttps://z1.muscache.cn/im/pictures/miso/Hosting-47164049/original/3d845bd1-3580-454e-835f-399b64905432.jpeg?aki_policy=large\n','\nhttps://z1.muscache.cn/im/pictures/miso/Hosting-47164049/original/694bb6d7-eeac-4a64-a968-3e81762fb7c4.jpeg?aki_policy=large\n','\nhttps://z1.muscache.cn/im/pictures/miso/Hosting-47164049/original/36f2c3c6-5dd3-49c8-8b3c-68b1e2fc26aa.jpeg?aki_policy=large\n'),(22,4,'【拾光民宿】宝龙广场商圈泽胜温泉城现代简约2居室',' 重庆市, 涪陵区, 泽胜温泉城','本套房源为房东自住房。所以装修材料以及各类家电都是一线品牌。小区周围配套设施齐全，楼下停车场，车程5分钟可到涪陵西城商圈宝龙广场，永辉超市，宝龙商业街，宝龙好吃街，以及涪陵客运中心。从房间里面可以看到小区绿化，让你体验不一样的风景。','268.00',NULL,'13325885225','\nhttps://z1.muscache.cn/im/pictures/4ffabd26-a191-4483-be59-3e7674e730bd.jpg?aki_policy=large\n','\nhttps://z1.muscache.cn/im/pictures/7e449b5b-7ab7-41f0-9ac4-569130fabde2.jpg?aki_policy=large\n','\nhttps://z1.muscache.cn/im/pictures/6ab9b15e-1182-45d2-85a3-e3ec106f2f97.jpg?aki_policy=large\n'),(23,4,'涪陵泽胜温泉城倚风居','重庆市, 涪陵区, 涪陵迎宾大道泽胜温泉城小区','倚风居是以家的模式，为旅途中的您提供最温暖舒适的休憩之所。小区环境优美恬静，并配有蓝球场，羽毛球场，小区内有重庆西南最优质的温泉，最大的水上儿童乐园以及健身场地，24小时安保巡逻，为您的安全保驾护航。','398.00',NULL,'15598653223','\nhttps://z1.muscache.cn/im/pictures/543281c2-3613-41f0-ae4f-95bae0fba517.jpg?aki_policy=large\n','\nhttps://z1.muscache.cn/im/pictures/6f223aec-c426-482d-b40c-ad61385bf4be.jpg?aki_policy=large\n','\nhttps://z1.muscache.cn/im/pictures/d2971c9a-eec3-41a7-9e77-a1f191f995c5.jpg?aki_policy=large\n'),(24,4,'海马爸爸民宿','重庆市, 涪陵区, 金科·中央公园城1期','房间很干净，也很清爽，花了我很多心思。色彩很素静，不会有让心烦乱的感觉，阳台可以看得很远，很适合放松心情。','128.00',NULL,'18998778912','\nhttps://z1.muscache.cn/im/pictures/f575bed5-0c43-4f12-9b28-9203a248d3b1.jpg?aki_policy=large\n','\nhttps://z1.muscache.cn/im/pictures/3d0178a6-aab7-4559-a895-d6608cb0654d.jpg?aki_policy=large\n','\nhttps://z1.muscache.cn/im/pictures/acdfaf33-eaf8-400a-a402-78a6fc796564.jpg?aki_policy=large\n'),(25,5,'【夏日の懒猫】静安寺/百年愚园路/网红之路/中山公园外滩人民广场吃喝一条线/近2号线/江苏路地铁站','上海市, 静安区','【特色】房间内有空调，电暖气片，2台除湿器。距离江苏路地铁站500米左右，小区进门口有公共市集 【户型】我的房子是1室1厅1卫loft，干净整洁，有厨房，有1张1.5米榻榻米可供2人居住，有1个卫生间。','280.00','999.00','16551512525','\nhttps://z1.muscache.cn/im/pictures/42eb84cd-3398-428d-831d-43e2ce21b7c6.jpg?aki_policy=large\n','\nhttps://z1.muscache.cn/im/pictures/8f43f777-fbfc-4052-8b92-c9a12ebde299.jpg?aki_policy=large\n','\nhttps://z1.muscache.cn/im/pictures/d9292c44-9388-43a9-88e0-59817d9dfd3c.jpg?aki_policy=large\n'),(26,5,'【朝花夕拾】『安心360消毒』南京西路商圈，一楼石库门，新风系统，近荣宅，兴业太古汇，地铁南京西路站','上海市, 静安区','可短租1-3个月！或长租，房间每次清洁后全面消毒，客人测量体温入住！我的名下还有其他几套独立民宿，可以点击我的头像，获取信息！可以凭借之前的订单获取 9折优惠！','259.00',NULL,'13539391717','\nhttps://z1.muscache.cn/im/pictures/prohost-api/Hosting-49199341/original/a32730df-49d4-4d3a-8dfe-624de8def075.jpeg?aki_policy=large\n','\nhttps://z1.muscache.cn/im/pictures/prohost-api/Hosting-49199341/original/a7ffa2ef-55fb-42bd-9f5d-865fdbd9c009.jpeg?aki_policy=large\n','\nhttps://z1.muscache.cn/im/pictures/prohost-api/Hosting-49199341/original/124dd5f6-235b-4aa6-ab52-75b579a68ce8.jpeg?aki_policy=large\n'),(27,5,'LOFT一居｜外出的花精灵 复兴中路 近地铁陕西南路 iapm 富民路巨鹿路长乐路 虹桥火车站直达','上海市, 徐汇区','LOFT设计，充分利用空间，打造视觉效果。小沙发，抱枕和花，一切都是这么可爱又温馨','238.00',NULL,'15558624563','\nhttps://z1.muscache.cn/im/pictures/462efc59-58d7-47ff-ab6b-d0120b3ddeff.jpg?aki_policy=large\n','\nhttps://z1.muscache.cn/im/pictures/136ad62b-c6f1-4feb-8b40-9b3c3fb9fe40.jpg?aki_policy=large\n','\nhttps://z1.muscache.cn/im/pictures/86ae7fde-c99f-4d74-97b4-85ea73a0c120.jpg?aki_policy=large\n'),(28,5,'鹿头舍x马卡龙A 华东师范大学旁独享一居室社区生活家 阳光小院 120寸投影 完备厨房','上海市, 普陀区','静安区，徐汇区，黄浦区的交汇位置，有太多有腔调的路，参天的法桐和红顶洋房勾勒出上海独有的氛围。咖啡厅，小酒馆，奶茶店，买手店，名人住宅林立，如果你有一双发现美的眼睛，每张照片都会很精彩','268.00','999.00','19123456789','\nhttps://z1.muscache.cn/im/pictures/1b81e86b-c8b6-4adc-a3d2-935ea94d7db2.jpg?aki_policy=large\n','\nhttps://z1.muscache.cn/im/pictures/201f735f-9bf5-4c84-98e3-b8bba9b86499.jpg?aki_policy=large\n','\nhttps://z1.muscache.cn/im/pictures/3245fd07-7f2e-4b82-a140-22a3774cd8cb.jpg?aki_policy=large\n'),(29,5,'【海天霞】复古英伦轻奢巨幕投影带公共庭院露台 新天地•淮海中路•思南公馆•瑞金医院步行5分钟百年洋房','上海市, 黄浦区','位于黄浦区新天地南昌路，2015年入列上海历史保护建筑，独栋四层洋房+温馨小院+淮海路天际线景观露台，闹中取静，如果你想切身感受上海弄堂文化和慢生活，这里是你的最好选择。如果你想感受上海的时尚和节奏，这里也是你的最好选择。','304.00',NULL,'16314693287','\nhttps://z1.muscache.cn/im/pictures/18bfafca-52f1-4331-b822-737182debd12.jpg?aki_policy=large\n','\nhttps://z1.muscache.cn/im/pictures/56212ec7-89bf-4b5c-956e-8b83e7478db0.jpg?aki_policy=large\n','\nhttps://z1.muscache.cn/im/pictures/6a67480f-323c-4b32-a4f8-a3cd079cbfbe.jpg?aki_policy=large\n'),(30,5,'{光影}市中心近地铁徐家汇交通大学带投影仪的独立LOFT一居|武康路上海图书馆|直达迪士尼虹桥可长租',' 上海市, 长宁区','=====位于市中心，周边梧桐夹道，闹中取静=====','347.00',NULL,'15101230123','\nhttps://z1.muscache.cn/im/pictures/fbf59523-66be-4686-85b7-b2a62be47ebd.jpg?aki_policy=large\n','\nhttps://z1.muscache.cn/im/pictures/45ecd606-cdc1-480a-96be-46d4b9d0349b.jpg?aki_policy=large\n','\nhttps://z1.muscache.cn/im/pictures/da028b65-c73e-465c-8a3e-d8c47d2f512a.jpg?aki_policy=large\n'),(31,1,'【千寻】4K巨幕商务大床房/落地窗已消毒/观音桥九街/地铁口/直达解放碑洪崖洞/开发票选择商旅服务',' 重庆市, 渝北区, 东原晴天见','【概要】旅行是一种期待与不确定的状态。向往未知、最大化人生体验、了解的越多，再回到生活中格局也自当不同。“慢活”是一种全新的生活方式与哲学，在喧嚣的都市中，有一处静谧的地方让你歇息，“大隐隐于市”黄泥磅商圈附近，一间充满趣味的民宿悄悄孕育生长，温馨的奶茶配色，空白之中留下精致的记忆，优雅的居住配置，让你卸下疲惫，舒适的居住环境，走近千寻sunshine，幸福充满着每一个角落，热爱生活，并且充满信心。','129.00','999.00','13912345678','https://z1.muscache.cn/im/pictures/miso/Hosting-48686221/original/4a6b58a1-90e6-4e04-9513-846ba1337b1e.jpeg?aki_policy=large','https://z1.muscache.cn/im/pictures/miso/Hosting-48686091/original/0c67181f-0b3c-4398-911e-085bafe527fa.jpeg?aki_policy=large','https://z1.muscache.cn/im/pictures/miso/Hosting-48686221/original/058acd27-6c90-4228-a0d4-a9b443edaf4a.jpeg?aki_policy=large'),(32,1,'【四分之三旅宿】无遮挡江景/超大露台/双人浴缸/管家接待/免费停车/120平米一居室套房','重庆市南岸区长江国际公寓1714','房源面积120平米，超豪华一居室江景套房，正对嘉陵江和长江两江交汇处，随时都能欣赏到来福士的灯光美景！旅宿楼下，即是可一边品尝道地火锅，一边观赏两江交汇的美味食肆－三六九南滨别院。距离小屋步行不到1KM，即是长嘉汇购物公园，内设杜莎夫人腊像馆，H&M购物店等及各式美食，广场有直达重庆各景点的旅游观光车，可根据自己需求选择不同线路到达景点，票价在5－15元。长嘉汇购物公园广场马路对面，即是弹子石轮渡码头，乘坐轮渡可到达长江对岸的朝天门码头，江北嘴大剧院等地。朝天门轮渡码头步行不到1KM…','582.00',NULL,'13030305050','https://z1.muscache.cn/im/pictures/53568e98-bb13-432d-a9fb-4204cbeef5b6.jpg?aki_policy=large','https://z1.muscache.cn/im/pictures/miso/Hosting-43436280/original/95af4ece-268d-4894-8f28-667168cb5ec8.jpeg?aki_policy=large','https://z1.muscache.cn/im/pictures/2fc5d8d7-3e0d-406b-b70b-c0a6df375668.jpg?aki_policy=large'),(33,1,'【千寻】解放碑/洪崖洞/十八梯/双地铁口/高清巨幕投影/高档小区/可开发票&自然系大床房','重庆市, 渝中区, 解放碑|1号|3栋','房源面积120平米，超豪华一居室江景套房，正对嘉陵江和长江两江交汇处，随时都能欣赏到来福士的灯光美景！小区24小时巡逻，每小时巡逻由一名安保人员按照楼层顺序、巡逻保证小主的安全。美食：楼下就是重庆著名的好吃街、李串串总店、石灰市烧鸡公、肖炮酥肉、耍家猪脚、佩姐火锅、山城汤圆、冰粉、凉虾、凉糕等，几乎各种口味都能找到。步行5分钟可到解放碑广场。','170.00','999.00','18811112222','https://z1.muscache.cn/im/pictures/5a72554e-738f-4902-a695-873f72602bdd.jpg?aki_policy=large','https://z1.muscache.cn/im/pictures/780bb294-b3f8-4686-b08a-2821a098f659.jpg?aki_policy=large','https://z1.muscache.cn/im/pictures/17cc7c92-aadb-48d8-9783-798c4413e563.jpg?aki_policy=large'),(34,1,'《一半 · 安迪晓屋》性冷淡风投影浴缸大床/步行即达解放碑洪崖洞/下楼地铁站','重庆市, 渝中区, 金山商务大厦','这是一次颠覆性的尝试，新颖的布局配上落地玻璃隔断，让房间宽敞通透，为最亲蜜的旅途伴侣打造最别致的空间体验。充满纯净和高级感的白色系风，落地窗边配置了超大圆形欧式浴缸，无论是阴冷的寒冬还是酷热的炎夏，一边泡澡，一边追一部心爱的剧目，一天的劳顿瞬间融化，再和亲密的伴侣钻入别致的睡眠空间，世界变得又小又安静。对了，淋浴区很宽大很舒适哦，让厌倦了尴尬逼仄空间的你，舒缓优雅地洗去一天的疲惫……','149.00',NULL,'16612457836','https://z1.muscache.cn/im/pictures/0cfb6bfa-4ceb-428e-9a39-2a5906c11b65.jpg?aki_policy=large','https://z1.muscache.cn/im/pictures/4b74c8eb-d161-48a8-81e5-6c226e6537f1.jpg?aki_policy=large','https://z1.muscache.cn/im/pictures/1d20f837-6d71-484b-ae11-9f20890edac5.jpg?aki_policy=large'),(35,1,'【路寓·悠悠】解放碑好吃街 豪华投影浴缸房','重庆市, 渝中区, 阳光星座','房源为整套房源，大开间格局，独立卫生间，简洁明亮的欧式装修,超大落地窗;楼下有银行,便利店,超市,楼后有一天餐饮街;楼下是公交站,走几百米是二号线黄花园轻轨站，三个站就到网红穿楼而过的李子坝站;坐车五分钟到解放碑,走路十分钟到洪崖洞。交通、生活、旅行都及其方便。','139.00',NULL,'15512369874','https://z1.muscache.cn/im/pictures/miso/Hosting-49231453/original/22a60fa1-a2a5-4692-a546-27bc14f9be17.jpeg?aki_policy=large','https://z1.muscache.cn/im/pictures/miso/Hosting-49231453/original/0bf365e9-85ee-49f8-8e92-d0d62cdb0527.jpeg?aki_policy=large','https://z1.muscache.cn/im/pictures/miso/Hosting-49231453/original/3b5f5254-617d-4c84-9ff3-191834ba29b4.jpeg?aki_policy=large'),(36,1,'【拾光2818】解放碑好吃街/朝天门来福士/洪崖洞/长江索道/小什字地铁站高层北欧简约江景套房','重庆市, 渝中区, 时代天骄(新华路)','渝中区解放碑商圈/朝天门/红崖洞/长江索道附近＜拾光＞高层北欧简约风双景观房/亲子套房50平宽户一居室配置1.5米大床及双人沙发满足您及家人的出行需求；足不出户就能欣赏网红城市重庆魅力无限的夜景，山城高低错落的建筑尽显眼前。宽敞的一室一厅备套齐全(空调/投影/WF/冰箱/酒吧台/洗衣机/电吹风）满足各种出行需求，超舒适的床上用品及定制的品质卫浴用品让您感受到贵宾服务，选择【拾光】让你的旅途更加舒心！','134.00','999.00','14932165478','\nhttps://z1.muscache.cn/im/pictures/61642749-0aa8-4b56-a245-f3131c2e9811.jpg?aki_policy=large\n','\nhttps://z1.muscache.cn/im/pictures/0b74d19a-fc4f-44b4-8da0-7d34bd883295.jpg?aki_policy=large\n','\nhttps://z1.muscache.cn/im/pictures/ce6349a5-1107-4386-afc3-84208e053b23.jpg?aki_policy=large\n'),(37,2,'温馨大床房 紧邻儿研所，第一使馆区三里屯/工体，建国门国贸，临近朝阳门地铁站','北京市, 朝阳区,日坛公园','在一段喧嚣繁忙后，带上家人，约着朋友来这里享受度假的日子，这里有繁华街景，饭后楼下就是日坛公园享受皇家园林的饭后时光，可以去三里屯逛街，这个房间是一个独立开间，采光为内窗房型。可以供您休息和收看电视节目，厨房有冰箱、电磁炉以及厨具，在旅途中可以亲手制作美食，（厨具需要到房东这来领取）。','305.00',NULL,'15774125896','\nhttps://z1.muscache.cn/im/pictures/miso/Hosting-48685956/original/e0ea5a3c-6893-42c6-bbce-0fc3ba6542ea.jpeg?aki_policy=large','\nhttps://z1.muscache.cn/im/pictures/miso/Hosting-48684890/original/cab19784-c022-4e58-a165-283d9a911d76.jpeg?aki_policy=large','\nhttps://z1.muscache.cn/im/pictures/miso/Hosting-48685956/original/3a6484c9-bf65-4a17-8ae5-9403b2b864be.jpeg?aki_policy=large'),(38,2,'【逅来·森林】百子湾地铁/国贸CBD/三里屯/大望路/欢乐谷/四惠/复式loft/高清私人影院/北京','北京市, 朝阳区，沿海赛洛城','网红潮人社区-野奢画报拍摄-置身Loft“森林小屋”，听着鸟语、闻着花香，品着咖啡静心阅读，体验仙境般的秘密生活，更能拍出画报般的质感大片，为你的社交账号增添一分精致。每间民宿均由逅来独立原创设计师设计，并匹配专属私人管家为您倾心服务，还有专业品控师保证入住体验。','498.00',NULL,'13615935755','\nhttps://z1.muscache.cn/im/pictures/036109da-50eb-4554-98b4-9e4f59567471.jpg?aki_policy=large\n','\nhttps://z1.muscache.cn/im/pictures/98dd5b96-b6dd-44f3-9391-6c1e886a46ac.jpg?aki_policy=large\n','\nhttps://z1.muscache.cn/im/pictures/4a1774f4-2644-4d9c-abea-262b07a9562c.jpg?aki_policy=large\n'),(39,2,'9婉婷情怀大床房/近天安门/故宫/南锣鼓巷/王府井，簋街/协和医院/陆军总医院','北京市, 东城区, 平安发展大厦','接下来我要分享一下我住的小院落“红日路四合院”：小院座落于北京东城区，上下两层的建筑，木制台阶和连廊包围着小小的庭院。灰色的墙砖，屋顶片片青瓦，红绿色的建筑色彩搭配及雕花装饰，让人一眼就喜欢上它的古色古香。站在二楼可以俯瞰整个胡同，感受清晨的第一缕阳光和鸟鸣，可以随意摆着各种pose拍照。闲时您也可以在庭院里坐着小马夹品茶话闲，惬意之时，也体会一把古人的“偷得浮生半日闲”。','291.00','999.00','19823687419','\nhttps://z1.muscache.cn/im/pictures/aefbb8f1-5a78-4b74-a9a2-9bd105406237.jpg?aki_policy=large\n','\nhttps://z1.muscache.cn/im/pictures/ffff2fa3-eabd-4fc1-a9e1-5229d2ff7fa3.jpg?aki_policy=x_large\n','\nhttps://z1.muscache.cn/im/pictures/42f36554-9d5b-4618-8e09-76e9d92776d2.jpg?aki_policy=x_large\n'),(40,2,'天坛公园，天安门，前门，大栅栏，故宫，王府井，雍和宫，水立方，鸟巢地铁5/14号线附近，北京南站。',' 北京市, 丰台区, 芳群园2区','为旅居北京的国内各界人士提供短期租房服务，倾力为您打造出一种具有居家式的居住环境和管家式服务的时尚居住式。','384.00',NULL,'14612365478','\nhttps://z1.muscache.cn/im/pictures/miso/Hosting-44198062/original/37c14975-8031-4e10-9620-83c8e45a7dac.jpeg?aki_policy=large\n','\nhttps://z1.muscache.cn/im/pictures/miso/Hosting-44198062/original/67104c9c-2262-48eb-b3f0-c734c75ea375.jpeg?aki_policy=large\n','\nhttps://z1.muscache.cn/im/pictures/256b61a6-f80f-49cd-8a67-b99a27ecfcb5.jpg?aki_policy=x_large\n'),(41,2,'【栖心】2-大郊亭7号线/近合生汇/百子湾/国贸/双井/欢乐谷/92寸大投影日式和风loft公寓','北京市, 朝阳区, 大成国际公寓A座','欢迎您入住日式和风LOFT——栖心。房源位于北京市朝阳区，靠近百子湾/大望路/国贸，距离“大郊亭”地铁站大约700米，乘坐地铁7号线，交通便利。','534.00',NULL,'15798765432','\nhttps://z1.muscache.cn/im/pictures/69732c69-c014-45f3-92d7-fb581d885df8.jpg?aki_policy=large\n','\nhttps://z1.muscache.cn/im/pictures/1dccbfe8-85e9-4267-bc16-cb90a1f4afdb.jpg?aki_policy=large\n','\nhttps://z1.muscache.cn/im/pictures/7d5fb64a-dc66-4112-8e65-e9023281cf40.jpg?aki_policy=x_large\n'),(42,2,'【下单享八折】三里屯舒适安静一居室/近太古里北区/近团结湖地铁站/国贸CBD','北京市, 朝阳区, 三里屯','位置：地处北京年轻潮流的三里屯商圈内，位于三里屯太古里步行街边，下楼马路对面便是3.3大厦、那里花园、三联韬奋书店、同里大厦，向南便是三里屯太古里、酒吧一条街、三里屯SOHO，只有几分钟的步程，向西便是工人体育场、世茂工三、蜂巢剧场。来住的客人会去工体看一场演唱会，或是去红街吃一顿地道的火锅，或是茶余饭后去那里花园的小广场停留休憩，或是去北京美书店老书虫享受安静的读书时光，你可以拥有三里屯“魔幻现实主义”的所有惊喜。','360.00','999.00','18512126969','\nhttps://z1.muscache.cn/im/pictures/dadfb3bb-0425-4baa-b47f-ea1033cf5773.jpg?aki_policy=large\n','\nhttps://z1.muscache.cn/im/pictures/1d493e63-154f-4bca-a051-bc5846ecd0c5.jpg?aki_policy=large\n','\nhttps://z1.muscache.cn/im/pictures/71ce5898-411f-49ec-a822-4c62c878eeeb.jpg?aki_policy=x_large\n'),(43,3,'無舍·日旭 【每客消杀安心入住】/高清投影/免费行李寄存/东大路地铁站/近春熙路太古里IFS','四川省, 成都市, 锦江区, 环球汇·蔚然','【房源位置】2号线东大路地铁站旁,距离春熙路太古里和成都东站交通都很方便,地铁2-4站直达,打车也在15分钟内可到达、距离双流机场也只有17KM，是您旅游、出行、休息的不二之选。周边街区成熟，楼下就有连锁便利店,日常用品都能买到餐厅 小吃 火锅 应有尽有,您可以品尝到很地道的成都美食。房东随时在线，提供各种帮助及成都吃喝玩乐建议。也可点开我头像查看我的其他房源。','158.00',NULL,'17745451212','\nhttps://z1.muscache.cn/im/pictures/748c9e80-3dd6-41c0-b690-230532ed141b.jpg?aki_policy=large\n','\nhttps://z1.muscache.cn/im/pictures/f55dcf4f-75cd-4ea6-a77b-7db22e2a8d90.jpg?aki_policy=x_large\n','\nhttps://z1.muscache.cn/im/pictures/5bd0238b-9611-4072-b354-b115bd38abf5.jpg?aki_policy=x_large\n'),(44,3,'Jungle | 鸭川 春熙路太古里旁小京都/带独立庭院/悠扬夏日/中央空调','四川省, 成都市, 锦江区, 天誉南区','1.8×2米双人床（宜住两人可住三人）、软硬适中床垫(深睡、完全静音)、latex system乳胶枕芯、全套高级床品。希望带给您无忧的睡眠体验。','119.00',NULL,'13326265959','\nhttps://z1.muscache.cn/im/pictures/96de6175-e336-4699-a732-c1dc51b6ee43.jpg?aki_policy=large\n','\nhttps://z1.muscache.cn/im/pictures/fa941182-0735-40b4-ac35-bea64b5a6a44.jpg?aki_policy=large\n','\nhttps://z1.muscache.cn/im/pictures/d505d1c4-bc1f-451e-8ef9-ed46d9121d9e.jpg?aki_policy=large\n'),(45,3,'超清投影&下楼就有地铁&距离春熙路4个站&文殊院&舒适LOFT&可住4人','四川省, 成都市, 金牛区, 龙湖·上城(建设中)','Hello，你所浏览的房源是一套一室一厨一卫的精装公寓我们有l两张1.5x2m大床，可供4人居住，『高速WIFI、空调、冰箱、洗衣机、电梯、电热水器、门禁、电热水壶、沙发、衣架』，房门配有智能密码锁，方便您进出；','194.00','999.00','13688889999','\nhttps://z1.muscache.cn/im/pictures/de5ea966-89f6-4087-8e02-a4dad2a7eb93.jpg?aki_policy=large\n','\nhttps://z1.muscache.cn/im/pictures/de5ea966-89f6-4087-8e02-a4dad2a7eb93.jpg?aki_policy=large\n','\nhttps://z1.muscache.cn/im/pictures/44e27a4c-e9c8-4cf5-9e2f-8d1e53829aeb.jpg?aki_policy=large\n'),(46,3,'漫漫|云里 免清洁费！高品质设计公寓/8分钟到春熙路/下楼地铁口/家庭影院/地下停车/可开票','四川省, 成都市, 金牛区, 人民北路一段','房源位于人民北路地铁站B口，地铁1号线与地铁6号线交汇处。下楼便是龙湖的综合商业体，吃喝玩乐超级方便！位置绝佳，交通极其便利，地铁三站直达天府广场，四站可达春熙路太古里。仅靠金牛万达广场、龙湖上城天街购物中心、成都火车站、文殊院、宽窄巷子。','174.00',NULL,'15615154848','\nhttps://z1.muscache.cn/im/pictures/d8a4352f-8324-4845-b5cf-f41477baf784.jpg?aki_policy=large\n','\nhttps://z1.muscache.cn/im/pictures/9c2e6d67-6fa1-4578-866f-a9c1377fbf52.jpg?aki_policy=large\n','\nhttps://z1.muscache.cn/im/pictures/4938b246-22f3-43a4-be71-53e311d30e0c.jpg?aki_policy=large\n'),(47,3,'【网红空中花园】春熙路｜熊猫基地｜宽窄巷子｜楼下王府井｜近地铁｜免费空中书吧｜空中咖啡厅｜严格消毒｜','四川省, 成都市, 成华区, 永立龙寓','我们根据面积从小到大一共三种房型，每种房型都有数套，装修风格一样，都在这栋楼里面，可以多订。点击房东头像，浏览更多其他房型，记得关注收藏房源呦！','158.00',NULL,'14496325888','\nhttps://z1.muscache.cn/im/pictures/1cde920a-9e5c-45d3-a760-847abface937.jpg?aki_policy=large\n','\nhttps://z1.muscache.cn/im/pictures/d14b4bb0-9e70-4288-b3e6-4b878b7dc369.jpg?aki_policy=large\n','\nhttps://z1.muscache.cn/im/pictures/51eca491-e9d3-4c77-a95c-e2ad9d2a9cec.jpg?aki_policy=large\n'),(48,3,'【無舍民宿·石粹】100寸高清投影/地铁口/行李免费寄存/近春熙路/九眼桥/东站/宽窄巷/天府广场','四川省, 成都市, 锦江区, 环球汇·蔚然','大家好,我是房东瓶子,成都本地大男孩,了解本地的各种美食,可以帮你做推荐｡【交通】距地铁2号线东大路站100m,2站即到成都东站,4站即到春熙路步行街(ifs､太古里),及近邻宽窄巷子､锦里､武侯祠､东郊记忆､杜甫草堂等各大景区｡【小区】高档板块的豪华公寓,酒店式入户大堂,市中心环境好,24小时安保系统','138.00','999.00','16812312399','\nhttps://z1.muscache.cn/im/pictures/miso/Hosting-47258093/original/f7afc6fa-1828-4a3e-8597-4ef848759907.jpeg?aki_policy=large\n','\nhttps://z1.muscache.cn/im/pictures/miso/Hosting-47258093/original/edb70213-51c0-4487-879b-3c02ff572875.jpeg?aki_policy=large\n','\nhttps://z1.muscache.cn/im/pictures/miso/Hosting-47258093/original/483a8d6c-f8ef-4431-bb81-63d0f5d5060a.jpeg?aki_policy=x_large\n'),(49,4,'涪陵高笋塘新世纪泽胜双子塔观景房','重庆市, 涪陵区, 涪陵荔枝街道','房间为北欧风格，位于高层楼房，配有洗衣机、冰箱、厨具，可洗衣做饭。百兆宽带极速上网，55寸超大液晶电视，空调，智能门锁，沙发，茶几，优质床上用品，高档洗漱用品等。房间由专业人员清洁，每客一扫，每客一换，干净整洁。','136.00',NULL,'19912345689','\nhttps://z1.muscache.cn/im/pictures/10b77f24-5e62-45d3-ac42-b6c1997548fd.jpg?aki_policy=large\n','\nhttps://z1.muscache.cn/im/pictures/5ca9d3a5-6dcd-4554-b258-198f95acb4ca.jpg?aki_policy=large\n','\nhttps://z1.muscache.cn/im/pictures/2717192c-fee7-4e07-b117-4a70c083b190.jpg?aki_policy=large\n'),(50,4,'涪陵泽胜中央广场～舒适全街景房（可洗衣做饭）','重庆市, 涪陵区, 双子塔','现代风格装修。临街落地窗，丽江手鼓、小冰箱，独立厨房可做饭。配有优眠乳胶床垫，手机充电器。床品及巾类严格按四星酒店标准洗涤，杯具及拖鞋用84消毒液浸泡消毒。当您出差旅行下榻该房间时，可悠闲坐落地窗旁，看来往的路人风景，敲响丽江手鼓感受独有的浪漫情怀！','189.00',NULL,'15612345612','\nhttps://z1.muscache.cn/im/pictures/ecb6aeca-039e-44e8-bc29-0c420f7a8635.jpg?aki_policy=large\n','\nhttps://z1.muscache.cn/im/pictures/9d69dfaf-9f1e-4728-a2ca-228529650a87.jpg?aki_policy=large\n','\nhttps://z1.muscache.cn/im/pictures/dabeda9c-fc81-4298-9bc5-ffc461708d2c.jpg?aki_policy=x_large\n'),(51,4,'涪陵泽胜中央广场～落地大床房（可做饭）','重庆市, 涪陵区, 双子塔','日式原木风格装修，大飘窗、独立洗浴间、独立厨房可做饭。该房间最多可入住三人，是三口之家的首要选择。配有优眠乳胶床垫，手机充电器，可点播网络电视。床品及巾类严格按四星酒店标准洗涤，杯具及拖鞋用84消毒液浸泡消毒。希望房间内别具童真和风情的休闲沙发能给您的旅途带去一丝温暖和轻松。','173.00','999.00','13487654321','\nhttps://z1.muscache.cn/im/pictures/miso/Hosting-47164049/original/3d845bd1-3580-454e-835f-399b64905432.jpeg?aki_policy=large\n','\nhttps://z1.muscache.cn/im/pictures/miso/Hosting-47164049/original/694bb6d7-eeac-4a64-a968-3e81762fb7c4.jpeg?aki_policy=large\n','\nhttps://z1.muscache.cn/im/pictures/miso/Hosting-47164049/original/36f2c3c6-5dd3-49c8-8b3c-68b1e2fc26aa.jpeg?aki_policy=large\n'),(52,4,'【拾光民宿】宝龙广场商圈泽胜温泉城现代简约2居室',' 重庆市, 涪陵区, 泽胜温泉城','本套房源为房东自住房。所以装修材料以及各类家电都是一线品牌。小区周围配套设施齐全，楼下停车场，车程5分钟可到涪陵西城商圈宝龙广场，永辉超市，宝龙商业街，宝龙好吃街，以及涪陵客运中心。从房间里面可以看到小区绿化，让你体验不一样的风景。','268.00',NULL,'13325885225','\nhttps://z1.muscache.cn/im/pictures/4ffabd26-a191-4483-be59-3e7674e730bd.jpg?aki_policy=large\n','\nhttps://z1.muscache.cn/im/pictures/7e449b5b-7ab7-41f0-9ac4-569130fabde2.jpg?aki_policy=large\n','\nhttps://z1.muscache.cn/im/pictures/6ab9b15e-1182-45d2-85a3-e3ec106f2f97.jpg?aki_policy=large\n'),(53,4,'涪陵泽胜温泉城倚风居','重庆市, 涪陵区, 涪陵迎宾大道泽胜温泉城小区','倚风居是以家的模式，为旅途中的您提供最温暖舒适的休憩之所。小区环境优美恬静，并配有蓝球场，羽毛球场，小区内有重庆西南最优质的温泉，最大的水上儿童乐园以及健身场地，24小时安保巡逻，为您的安全保驾护航。','398.00','999.00','15598653223','\nhttps://z1.muscache.cn/im/pictures/543281c2-3613-41f0-ae4f-95bae0fba517.jpg?aki_policy=large\n','\nhttps://z1.muscache.cn/im/pictures/6f223aec-c426-482d-b40c-ad61385bf4be.jpg?aki_policy=large\n','\nhttps://z1.muscache.cn/im/pictures/d2971c9a-eec3-41a7-9e77-a1f191f995c5.jpg?aki_policy=large\n'),(54,4,'海马爸爸民宿','重庆市, 涪陵区, 金科·中央公园城1期','房间很干净，也很清爽，花了我很多心思。色彩很素静，不会有让心烦乱的感觉，阳台可以看得很远，很适合放松心情。','128.00',NULL,'18998778912','\nhttps://z1.muscache.cn/im/pictures/f575bed5-0c43-4f12-9b28-9203a248d3b1.jpg?aki_policy=large\n','\nhttps://z1.muscache.cn/im/pictures/3d0178a6-aab7-4559-a895-d6608cb0654d.jpg?aki_policy=large\n','\nhttps://z1.muscache.cn/im/pictures/acdfaf33-eaf8-400a-a402-78a6fc796564.jpg?aki_policy=large\n'),(55,5,'【夏日の懒猫】静安寺/百年愚园路/网红之路/中山公园外滩人民广场吃喝一条线/近2号线/江苏路地铁站','上海市, 静安区','【特色】房间内有空调，电暖气片，2台除湿器。距离江苏路地铁站500米左右，小区进门口有公共市集 【户型】我的房子是1室1厅1卫loft，干净整洁，有厨房，有1张1.5米榻榻米可供2人居住，有1个卫生间。','280.00',NULL,'16551512525','\nhttps://z1.muscache.cn/im/pictures/42eb84cd-3398-428d-831d-43e2ce21b7c6.jpg?aki_policy=large\n','\nhttps://z1.muscache.cn/im/pictures/8f43f777-fbfc-4052-8b92-c9a12ebde299.jpg?aki_policy=large\n','\nhttps://z1.muscache.cn/im/pictures/d9292c44-9388-43a9-88e0-59817d9dfd3c.jpg?aki_policy=large\n'),(56,5,'【朝花夕拾】『安心360消毒』南京西路商圈，一楼石库门，新风系统，近荣宅，兴业太古汇，地铁南京西路站','上海市, 静安区','可短租1-3个月！或长租，房间每次清洁后全面消毒，客人测量体温入住！我的名下还有其他几套独立民宿，可以点击我的头像，获取信息！可以凭借之前的订单获取 9折优惠！','259.00',NULL,'13539391717','\nhttps://z1.muscache.cn/im/pictures/prohost-api/Hosting-49199341/original/a32730df-49d4-4d3a-8dfe-624de8def075.jpeg?aki_policy=large\n','\nhttps://z1.muscache.cn/im/pictures/prohost-api/Hosting-49199341/original/a7ffa2ef-55fb-42bd-9f5d-865fdbd9c009.jpeg?aki_policy=large\n','\nhttps://z1.muscache.cn/im/pictures/prohost-api/Hosting-49199341/original/124dd5f6-235b-4aa6-ab52-75b579a68ce8.jpeg?aki_policy=large\n'),(57,5,'LOFT一居｜外出的花精灵 复兴中路 近地铁陕西南路 iapm 富民路巨鹿路长乐路 虹桥火车站直达','上海市, 徐汇区','LOFT设计，充分利用空间，打造视觉效果。小沙发，抱枕和花，一切都是这么可爱又温馨','238.00','999.00','15558624563','\nhttps://z1.muscache.cn/im/pictures/462efc59-58d7-47ff-ab6b-d0120b3ddeff.jpg?aki_policy=large\n','\nhttps://z1.muscache.cn/im/pictures/136ad62b-c6f1-4feb-8b40-9b3c3fb9fe40.jpg?aki_policy=large\n','\nhttps://z1.muscache.cn/im/pictures/86ae7fde-c99f-4d74-97b4-85ea73a0c120.jpg?aki_policy=large\n'),(58,5,'鹿头舍x马卡龙A 华东师范大学旁独享一居室社区生活家 阳光小院 120寸投影 完备厨房','上海市, 普陀区','静安区，徐汇区，黄浦区的交汇位置，有太多有腔调的路，参天的法桐和红顶洋房勾勒出上海独有的氛围。咖啡厅，小酒馆，奶茶店，买手店，名人住宅林立，如果你有一双发现美的眼睛，每张照片都会很精彩','268.00',NULL,'19123456789','\nhttps://z1.muscache.cn/im/pictures/1b81e86b-c8b6-4adc-a3d2-935ea94d7db2.jpg?aki_policy=large\n','\nhttps://z1.muscache.cn/im/pictures/201f735f-9bf5-4c84-98e3-b8bba9b86499.jpg?aki_policy=large\n','\nhttps://z1.muscache.cn/im/pictures/3245fd07-7f2e-4b82-a140-22a3774cd8cb.jpg?aki_policy=large\n'),(59,5,'【海天霞】复古英伦轻奢巨幕投影带公共庭院露台 新天地•淮海中路•思南公馆•瑞金医院步行5分钟百年洋房','上海市, 黄浦区','位于黄浦区新天地南昌路，2015年入列上海历史保护建筑，独栋四层洋房+温馨小院+淮海路天际线景观露台，闹中取静，如果你想切身感受上海弄堂文化和慢生活，这里是你的最好选择。如果你想感受上海的时尚和节奏，这里也是你的最好选择。','304.00',NULL,'16314693287','\nhttps://z1.muscache.cn/im/pictures/18bfafca-52f1-4331-b822-737182debd12.jpg?aki_policy=large\n','\nhttps://z1.muscache.cn/im/pictures/56212ec7-89bf-4b5c-956e-8b83e7478db0.jpg?aki_policy=large\n','\nhttps://z1.muscache.cn/im/pictures/6a67480f-323c-4b32-a4f8-a3cd079cbfbe.jpg?aki_policy=large\n'),(60,5,'{光影}市中心近地铁徐家汇交通大学带投影仪的独立LOFT一居|武康路上海图书馆|直达迪士尼虹桥可长租',' 上海市, 长宁区','=====位于市中心，周边梧桐夹道，闹中取静=====','347.00','999.00','15101230123','\nhttps://z1.muscache.cn/im/pictures/fbf59523-66be-4686-85b7-b2a62be47ebd.jpg?aki_policy=large\n','\nhttps://z1.muscache.cn/im/pictures/45ecd606-cdc1-480a-96be-46d4b9d0349b.jpg?aki_policy=large\n','\nhttps://z1.muscache.cn/im/pictures/da028b65-c73e-465c-8a3e-d8c47d2f512a.jpg?aki_policy=large\n'),(61,1,'【千寻】4K巨幕商务大床房/落地窗已消毒/观音桥九街/地铁口/直达解放碑洪崖洞/开发票选择商旅服务',' 重庆市, 渝北区, 东原晴天见','【概要】旅行是一种期待与不确定的状态。向往未知、最大化人生体验、了解的越多，再回到生活中格局也自当不同。“慢活”是一种全新的生活方式与哲学，在喧嚣的都市中，有一处静谧的地方让你歇息，“大隐隐于市”黄泥磅商圈附近，一间充满趣味的民宿悄悄孕育生长，温馨的奶茶配色，空白之中留下精致的记忆，优雅的居住配置，让你卸下疲惫，舒适的居住环境，走近千寻sunshine，幸福充满着每一个角落，热爱生活，并且充满信心。','129.00',NULL,'13912345678','https://z1.muscache.cn/im/pictures/miso/Hosting-48686221/original/4a6b58a1-90e6-4e04-9513-846ba1337b1e.jpeg?aki_policy=large','https://z1.muscache.cn/im/pictures/miso/Hosting-48686091/original/0c67181f-0b3c-4398-911e-085bafe527fa.jpeg?aki_policy=large','https://z1.muscache.cn/im/pictures/miso/Hosting-48686221/original/058acd27-6c90-4228-a0d4-a9b443edaf4a.jpeg?aki_policy=large'),(62,1,'【四分之三旅宿】无遮挡江景/超大露台/双人浴缸/管家接待/免费停车/120平米一居室套房','重庆市南岸区长江国际公寓1714','房源面积120平米，超豪华一居室江景套房，正对嘉陵江和长江两江交汇处，随时都能欣赏到来福士的灯光美景！旅宿楼下，即是可一边品尝道地火锅，一边观赏两江交汇的美味食肆－三六九南滨别院。距离小屋步行不到1KM，即是长嘉汇购物公园，内设杜莎夫人腊像馆，H&M购物店等及各式美食，广场有直达重庆各景点的旅游观光车，可根据自己需求选择不同线路到达景点，票价在5－15元。长嘉汇购物公园广场马路对面，即是弹子石轮渡码头，乘坐轮渡可到达长江对岸的朝天门码头，江北嘴大剧院等地。朝天门轮渡码头步行不到1KM…','582.00',NULL,'13030305050','https://z1.muscache.cn/im/pictures/53568e98-bb13-432d-a9fb-4204cbeef5b6.jpg?aki_policy=large','https://z1.muscache.cn/im/pictures/miso/Hosting-43436280/original/95af4ece-268d-4894-8f28-667168cb5ec8.jpeg?aki_policy=large','https://z1.muscache.cn/im/pictures/2fc5d8d7-3e0d-406b-b70b-c0a6df375668.jpg?aki_policy=large'),(63,1,'【千寻】解放碑/洪崖洞/十八梯/双地铁口/高清巨幕投影/高档小区/可开发票&自然系大床房','重庆市, 渝中区, 解放碑|1号|3栋','房源面积120平米，超豪华一居室江景套房，正对嘉陵江和长江两江交汇处，随时都能欣赏到来福士的灯光美景！小区24小时巡逻，每小时巡逻由一名安保人员按照楼层顺序、巡逻保证小主的安全。美食：楼下就是重庆著名的好吃街、李串串总店、石灰市烧鸡公、肖炮酥肉、耍家猪脚、佩姐火锅、山城汤圆、冰粉、凉虾、凉糕等，几乎各种口味都能找到。步行5分钟可到解放碑广场。','170.00','999.00','18811112222','https://z1.muscache.cn/im/pictures/5a72554e-738f-4902-a695-873f72602bdd.jpg?aki_policy=large','https://z1.muscache.cn/im/pictures/780bb294-b3f8-4686-b08a-2821a098f659.jpg?aki_policy=large','https://z1.muscache.cn/im/pictures/17cc7c92-aadb-48d8-9783-798c4413e563.jpg?aki_policy=large'),(64,1,'《一半 · 安迪晓屋》性冷淡风投影浴缸大床/步行即达解放碑洪崖洞/下楼地铁站','重庆市, 渝中区, 金山商务大厦','这是一次颠覆性的尝试，新颖的布局配上落地玻璃隔断，让房间宽敞通透，为最亲蜜的旅途伴侣打造最别致的空间体验。充满纯净和高级感的白色系风，落地窗边配置了超大圆形欧式浴缸，无论是阴冷的寒冬还是酷热的炎夏，一边泡澡，一边追一部心爱的剧目，一天的劳顿瞬间融化，再和亲密的伴侣钻入别致的睡眠空间，世界变得又小又安静。对了，淋浴区很宽大很舒适哦，让厌倦了尴尬逼仄空间的你，舒缓优雅地洗去一天的疲惫……','149.00',NULL,'16612457836','https://z1.muscache.cn/im/pictures/0cfb6bfa-4ceb-428e-9a39-2a5906c11b65.jpg?aki_policy=large','https://z1.muscache.cn/im/pictures/4b74c8eb-d161-48a8-81e5-6c226e6537f1.jpg?aki_policy=large','https://z1.muscache.cn/im/pictures/1d20f837-6d71-484b-ae11-9f20890edac5.jpg?aki_policy=large'),(65,1,'【路寓·悠悠】解放碑好吃街 豪华投影浴缸房','重庆市, 渝中区, 阳光星座','房源为整套房源，大开间格局，独立卫生间，简洁明亮的欧式装修,超大落地窗;楼下有银行,便利店,超市,楼后有一天餐饮街;楼下是公交站,走几百米是二号线黄花园轻轨站，三个站就到网红穿楼而过的李子坝站;坐车五分钟到解放碑,走路十分钟到洪崖洞。交通、生活、旅行都及其方便。','139.00',NULL,'15512369874','https://z1.muscache.cn/im/pictures/miso/Hosting-49231453/original/22a60fa1-a2a5-4692-a546-27bc14f9be17.jpeg?aki_policy=large','https://z1.muscache.cn/im/pictures/miso/Hosting-49231453/original/0bf365e9-85ee-49f8-8e92-d0d62cdb0527.jpeg?aki_policy=large','https://z1.muscache.cn/im/pictures/miso/Hosting-49231453/original/3b5f5254-617d-4c84-9ff3-191834ba29b4.jpeg?aki_policy=large'),(66,1,'【拾光2818】解放碑好吃街/朝天门来福士/洪崖洞/长江索道/小什字地铁站高层北欧简约江景套房','重庆市, 渝中区, 时代天骄(新华路)','渝中区解放碑商圈/朝天门/红崖洞/长江索道附近＜拾光＞高层北欧简约风双景观房/亲子套房50平宽户一居室配置1.5米大床及双人沙发满足您及家人的出行需求；足不出户就能欣赏网红城市重庆魅力无限的夜景，山城高低错落的建筑尽显眼前。宽敞的一室一厅备套齐全(空调/投影/WF/冰箱/酒吧台/洗衣机/电吹风）满足各种出行需求，超舒适的床上用品及定制的品质卫浴用品让您感受到贵宾服务，选择【拾光】让你的旅途更加舒心！','134.00','999.00','14932165478','\nhttps://z1.muscache.cn/im/pictures/61642749-0aa8-4b56-a245-f3131c2e9811.jpg?aki_policy=large\n','\nhttps://z1.muscache.cn/im/pictures/0b74d19a-fc4f-44b4-8da0-7d34bd883295.jpg?aki_policy=large\n','\nhttps://z1.muscache.cn/im/pictures/ce6349a5-1107-4386-afc3-84208e053b23.jpg?aki_policy=large\n'),(67,2,'温馨大床房 紧邻儿研所，第一使馆区三里屯/工体，建国门国贸，临近朝阳门地铁站','北京市, 朝阳区,日坛公园','在一段喧嚣繁忙后，带上家人，约着朋友来这里享受度假的日子，这里有繁华街景，饭后楼下就是日坛公园享受皇家园林的饭后时光，可以去三里屯逛街，这个房间是一个独立开间，采光为内窗房型。可以供您休息和收看电视节目，厨房有冰箱、电磁炉以及厨具，在旅途中可以亲手制作美食，（厨具需要到房东这来领取）。','305.00',NULL,'15774125896','\nhttps://z1.muscache.cn/im/pictures/miso/Hosting-48685956/original/e0ea5a3c-6893-42c6-bbce-0fc3ba6542ea.jpeg?aki_policy=large','\nhttps://z1.muscache.cn/im/pictures/miso/Hosting-48684890/original/cab19784-c022-4e58-a165-283d9a911d76.jpeg?aki_policy=large','\nhttps://z1.muscache.cn/im/pictures/miso/Hosting-48685956/original/3a6484c9-bf65-4a17-8ae5-9403b2b864be.jpeg?aki_policy=large'),(68,2,'【逅来·森林】百子湾地铁/国贸CBD/三里屯/大望路/欢乐谷/四惠/复式loft/高清私人影院/北京','北京市, 朝阳区，沿海赛洛城','网红潮人社区-野奢画报拍摄-置身Loft“森林小屋”，听着鸟语、闻着花香，品着咖啡静心阅读，体验仙境般的秘密生活，更能拍出画报般的质感大片，为你的社交账号增添一分精致。每间民宿均由逅来独立原创设计师设计，并匹配专属私人管家为您倾心服务，还有专业品控师保证入住体验。','498.00',NULL,'13615935755','\nhttps://z1.muscache.cn/im/pictures/036109da-50eb-4554-98b4-9e4f59567471.jpg?aki_policy=large\n','\nhttps://z1.muscache.cn/im/pictures/98dd5b96-b6dd-44f3-9391-6c1e886a46ac.jpg?aki_policy=large\n','\nhttps://z1.muscache.cn/im/pictures/4a1774f4-2644-4d9c-abea-262b07a9562c.jpg?aki_policy=large\n'),(69,2,'9婉婷情怀大床房/近天安门/故宫/南锣鼓巷/王府井，簋街/协和医院/陆军总医院','北京市, 东城区, 平安发展大厦','接下来我要分享一下我住的小院落“红日路四合院”：小院座落于北京东城区，上下两层的建筑，木制台阶和连廊包围着小小的庭院。灰色的墙砖，屋顶片片青瓦，红绿色的建筑色彩搭配及雕花装饰，让人一眼就喜欢上它的古色古香。站在二楼可以俯瞰整个胡同，感受清晨的第一缕阳光和鸟鸣，可以随意摆着各种pose拍照。闲时您也可以在庭院里坐着小马夹品茶话闲，惬意之时，也体会一把古人的“偷得浮生半日闲”。','291.00','999.00','19823687419','\nhttps://z1.muscache.cn/im/pictures/aefbb8f1-5a78-4b74-a9a2-9bd105406237.jpg?aki_policy=large\n','\nhttps://z1.muscache.cn/im/pictures/ffff2fa3-eabd-4fc1-a9e1-5229d2ff7fa3.jpg?aki_policy=x_large\n','\nhttps://z1.muscache.cn/im/pictures/42f36554-9d5b-4618-8e09-76e9d92776d2.jpg?aki_policy=x_large\n'),(70,2,'天坛公园，天安门，前门，大栅栏，故宫，王府井，雍和宫，水立方，鸟巢地铁5/14号线附近，北京南站。',' 北京市, 丰台区, 芳群园2区','为旅居北京的国内各界人士提供短期租房服务，倾力为您打造出一种具有居家式的居住环境和管家式服务的时尚居住式。','384.00',NULL,'14612365478','\nhttps://z1.muscache.cn/im/pictures/miso/Hosting-44198062/original/37c14975-8031-4e10-9620-83c8e45a7dac.jpeg?aki_policy=large\n','\nhttps://z1.muscache.cn/im/pictures/miso/Hosting-44198062/original/67104c9c-2262-48eb-b3f0-c734c75ea375.jpeg?aki_policy=large\n','\nhttps://z1.muscache.cn/im/pictures/256b61a6-f80f-49cd-8a67-b99a27ecfcb5.jpg?aki_policy=x_large\n'),(71,2,'【栖心】2-大郊亭7号线/近合生汇/百子湾/国贸/双井/欢乐谷/92寸大投影日式和风loft公寓','北京市, 朝阳区, 大成国际公寓A座','欢迎您入住日式和风LOFT——栖心。房源位于北京市朝阳区，靠近百子湾/大望路/国贸，距离“大郊亭”地铁站大约700米，乘坐地铁7号线，交通便利。','534.00','999.00','15798765432','\nhttps://z1.muscache.cn/im/pictures/69732c69-c014-45f3-92d7-fb581d885df8.jpg?aki_policy=large\n','\nhttps://z1.muscache.cn/im/pictures/1dccbfe8-85e9-4267-bc16-cb90a1f4afdb.jpg?aki_policy=large\n','\nhttps://z1.muscache.cn/im/pictures/7d5fb64a-dc66-4112-8e65-e9023281cf40.jpg?aki_policy=x_large\n'),(72,2,'【下单享八折】三里屯舒适安静一居室/近太古里北区/近团结湖地铁站/国贸CBD','北京市, 朝阳区, 三里屯','位置：地处北京年轻潮流的三里屯商圈内，位于三里屯太古里步行街边，下楼马路对面便是3.3大厦、那里花园、三联韬奋书店、同里大厦，向南便是三里屯太古里、酒吧一条街、三里屯SOHO，只有几分钟的步程，向西便是工人体育场、世茂工三、蜂巢剧场。来住的客人会去工体看一场演唱会，或是去红街吃一顿地道的火锅，或是茶余饭后去那里花园的小广场停留休憩，或是去北京美书店老书虫享受安静的读书时光，你可以拥有三里屯“魔幻现实主义”的所有惊喜。','360.00','999.00','18512126969','\nhttps://z1.muscache.cn/im/pictures/dadfb3bb-0425-4baa-b47f-ea1033cf5773.jpg?aki_policy=large\n','\nhttps://z1.muscache.cn/im/pictures/1d493e63-154f-4bca-a051-bc5846ecd0c5.jpg?aki_policy=large\n','\nhttps://z1.muscache.cn/im/pictures/71ce5898-411f-49ec-a822-4c62c878eeeb.jpg?aki_policy=x_large\n'),(73,3,'無舍·日旭 【每客消杀安心入住】/高清投影/免费行李寄存/东大路地铁站/近春熙路太古里IFS','四川省, 成都市, 锦江区, 环球汇·蔚然','【房源位置】2号线东大路地铁站旁,距离春熙路太古里和成都东站交通都很方便,地铁2-4站直达,打车也在15分钟内可到达、距离双流机场也只有17KM，是您旅游、出行、休息的不二之选。周边街区成熟，楼下就有连锁便利店,日常用品都能买到餐厅 小吃 火锅 应有尽有,您可以品尝到很地道的成都美食。房东随时在线，提供各种帮助及成都吃喝玩乐建议。也可点开我头像查看我的其他房源。','158.00',NULL,'17745451212','\nhttps://z1.muscache.cn/im/pictures/748c9e80-3dd6-41c0-b690-230532ed141b.jpg?aki_policy=large\n','\nhttps://z1.muscache.cn/im/pictures/f55dcf4f-75cd-4ea6-a77b-7db22e2a8d90.jpg?aki_policy=x_large\n','\nhttps://z1.muscache.cn/im/pictures/5bd0238b-9611-4072-b354-b115bd38abf5.jpg?aki_policy=x_large\n'),(74,3,'Jungle | 鸭川 春熙路太古里旁小京都/带独立庭院/悠扬夏日/中央空调','四川省, 成都市, 锦江区, 天誉南区','1.8×2米双人床（宜住两人可住三人）、软硬适中床垫(深睡、完全静音)、latex system乳胶枕芯、全套高级床品。希望带给您无忧的睡眠体验。','119.00',NULL,'13326265959','\nhttps://z1.muscache.cn/im/pictures/96de6175-e336-4699-a732-c1dc51b6ee43.jpg?aki_policy=large\n','\nhttps://z1.muscache.cn/im/pictures/fa941182-0735-40b4-ac35-bea64b5a6a44.jpg?aki_policy=large\n','\nhttps://z1.muscache.cn/im/pictures/d505d1c4-bc1f-451e-8ef9-ed46d9121d9e.jpg?aki_policy=large\n'),(75,3,'超清投影&下楼就有地铁&距离春熙路4个站&文殊院&舒适LOFT&可住4人','四川省, 成都市, 金牛区, 龙湖·上城(建设中)','Hello，你所浏览的房源是一套一室一厨一卫的精装公寓我们有l两张1.5x2m大床，可供4人居住，『高速WIFI、空调、冰箱、洗衣机、电梯、电热水器、门禁、电热水壶、沙发、衣架』，房门配有智能密码锁，方便您进出；','194.00',NULL,'13688889999','\nhttps://z1.muscache.cn/im/pictures/de5ea966-89f6-4087-8e02-a4dad2a7eb93.jpg?aki_policy=large\n','\nhttps://z1.muscache.cn/im/pictures/de5ea966-89f6-4087-8e02-a4dad2a7eb93.jpg?aki_policy=large\n','\nhttps://z1.muscache.cn/im/pictures/44e27a4c-e9c8-4cf5-9e2f-8d1e53829aeb.jpg?aki_policy=large\n'),(76,3,'漫漫|云里 免清洁费！高品质设计公寓/8分钟到春熙路/下楼地铁口/家庭影院/地下停车/可开票','四川省, 成都市, 金牛区, 人民北路一段','房源位于人民北路地铁站B口，地铁1号线与地铁6号线交汇处。下楼便是龙湖的综合商业体，吃喝玩乐超级方便！位置绝佳，交通极其便利，地铁三站直达天府广场，四站可达春熙路太古里。仅靠金牛万达广场、龙湖上城天街购物中心、成都火车站、文殊院、宽窄巷子。','174.00','999.00','15615154848','\nhttps://z1.muscache.cn/im/pictures/d8a4352f-8324-4845-b5cf-f41477baf784.jpg?aki_policy=large\n','\nhttps://z1.muscache.cn/im/pictures/9c2e6d67-6fa1-4578-866f-a9c1377fbf52.jpg?aki_policy=large\n','\nhttps://z1.muscache.cn/im/pictures/4938b246-22f3-43a4-be71-53e311d30e0c.jpg?aki_policy=large\n'),(77,3,'【网红空中花园】春熙路｜熊猫基地｜宽窄巷子｜楼下王府井｜近地铁｜免费空中书吧｜空中咖啡厅｜严格消毒｜','四川省, 成都市, 成华区, 永立龙寓','我们根据面积从小到大一共三种房型，每种房型都有数套，装修风格一样，都在这栋楼里面，可以多订。点击房东头像，浏览更多其他房型，记得关注收藏房源呦！','158.00',NULL,'14496325888','\nhttps://z1.muscache.cn/im/pictures/1cde920a-9e5c-45d3-a760-847abface937.jpg?aki_policy=large\n','\nhttps://z1.muscache.cn/im/pictures/d14b4bb0-9e70-4288-b3e6-4b878b7dc369.jpg?aki_policy=large\n','\nhttps://z1.muscache.cn/im/pictures/51eca491-e9d3-4c77-a95c-e2ad9d2a9cec.jpg?aki_policy=large\n'),(78,3,'【無舍民宿·石粹】100寸高清投影/地铁口/行李免费寄存/近春熙路/九眼桥/东站/宽窄巷/天府广场','四川省, 成都市, 锦江区, 环球汇·蔚然','大家好,我是房东瓶子,成都本地大男孩,了解本地的各种美食,可以帮你做推荐｡【交通】距地铁2号线东大路站100m,2站即到成都东站,4站即到春熙路步行街(ifs､太古里),及近邻宽窄巷子､锦里､武侯祠､东郊记忆､杜甫草堂等各大景区｡【小区】高档板块的豪华公寓,酒店式入户大堂,市中心环境好,24小时安保系统','138.00',NULL,'16812312399','\nhttps://z1.muscache.cn/im/pictures/miso/Hosting-47258093/original/f7afc6fa-1828-4a3e-8597-4ef848759907.jpeg?aki_policy=large\n','\nhttps://z1.muscache.cn/im/pictures/miso/Hosting-47258093/original/edb70213-51c0-4487-879b-3c02ff572875.jpeg?aki_policy=large\n','\nhttps://z1.muscache.cn/im/pictures/miso/Hosting-47258093/original/483a8d6c-f8ef-4431-bb81-63d0f5d5060a.jpeg?aki_policy=x_large\n'),(79,4,'涪陵高笋塘新世纪泽胜双子塔观景房','重庆市, 涪陵区, 涪陵荔枝街道','房间为北欧风格，位于高层楼房，配有洗衣机、冰箱、厨具，可洗衣做饭。百兆宽带极速上网，55寸超大液晶电视，空调，智能门锁，沙发，茶几，优质床上用品，高档洗漱用品等。房间由专业人员清洁，每客一扫，每客一换，干净整洁。','136.00','999.00','19912345689','\nhttps://z1.muscache.cn/im/pictures/10b77f24-5e62-45d3-ac42-b6c1997548fd.jpg?aki_policy=large\n','\nhttps://z1.muscache.cn/im/pictures/5ca9d3a5-6dcd-4554-b258-198f95acb4ca.jpg?aki_policy=large\n','\nhttps://z1.muscache.cn/im/pictures/2717192c-fee7-4e07-b117-4a70c083b190.jpg?aki_policy=large\n'),(80,4,'涪陵泽胜中央广场～舒适全街景房（可洗衣做饭）','重庆市, 涪陵区, 双子塔','现代风格装修。临街落地窗，丽江手鼓、小冰箱，独立厨房可做饭。配有优眠乳胶床垫，手机充电器。床品及巾类严格按四星酒店标准洗涤，杯具及拖鞋用84消毒液浸泡消毒。当您出差旅行下榻该房间时，可悠闲坐落地窗旁，看来往的路人风景，敲响丽江手鼓感受独有的浪漫情怀！','189.00',NULL,'15612345612','\nhttps://z1.muscache.cn/im/pictures/ecb6aeca-039e-44e8-bc29-0c420f7a8635.jpg?aki_policy=large\n','\nhttps://z1.muscache.cn/im/pictures/9d69dfaf-9f1e-4728-a2ca-228529650a87.jpg?aki_policy=large\n','\nhttps://z1.muscache.cn/im/pictures/dabeda9c-fc81-4298-9bc5-ffc461708d2c.jpg?aki_policy=x_large\n'),(81,4,'涪陵泽胜中央广场～落地大床房（可做饭）','重庆市, 涪陵区, 双子塔','日式原木风格装修，大飘窗、独立洗浴间、独立厨房可做饭。该房间最多可入住三人，是三口之家的首要选择。配有优眠乳胶床垫，手机充电器，可点播网络电视。床品及巾类严格按四星酒店标准洗涤，杯具及拖鞋用84消毒液浸泡消毒。希望房间内别具童真和风情的休闲沙发能给您的旅途带去一丝温暖和轻松。','173.00',NULL,'13487654321','\nhttps://z1.muscache.cn/im/pictures/miso/Hosting-47164049/original/3d845bd1-3580-454e-835f-399b64905432.jpeg?aki_policy=large\n','\nhttps://z1.muscache.cn/im/pictures/miso/Hosting-47164049/original/694bb6d7-eeac-4a64-a968-3e81762fb7c4.jpeg?aki_policy=large\n','\nhttps://z1.muscache.cn/im/pictures/miso/Hosting-47164049/original/36f2c3c6-5dd3-49c8-8b3c-68b1e2fc26aa.jpeg?aki_policy=large\n'),(82,4,'【拾光民宿】宝龙广场商圈泽胜温泉城现代简约2居室',' 重庆市, 涪陵区, 泽胜温泉城','本套房源为房东自住房。所以装修材料以及各类家电都是一线品牌。小区周围配套设施齐全，楼下停车场，车程5分钟可到涪陵西城商圈宝龙广场，永辉超市，宝龙商业街，宝龙好吃街，以及涪陵客运中心。从房间里面可以看到小区绿化，让你体验不一样的风景。','268.00','999.00','13325885225','\nhttps://z1.muscache.cn/im/pictures/4ffabd26-a191-4483-be59-3e7674e730bd.jpg?aki_policy=large\n','\nhttps://z1.muscache.cn/im/pictures/7e449b5b-7ab7-41f0-9ac4-569130fabde2.jpg?aki_policy=large\n','\nhttps://z1.muscache.cn/im/pictures/6ab9b15e-1182-45d2-85a3-e3ec106f2f97.jpg?aki_policy=large\n'),(83,4,'涪陵泽胜温泉城倚风居','重庆市, 涪陵区, 涪陵迎宾大道泽胜温泉城小区','倚风居是以家的模式，为旅途中的您提供最温暖舒适的休憩之所。小区环境优美恬静，并配有蓝球场，羽毛球场，小区内有重庆西南最优质的温泉，最大的水上儿童乐园以及健身场地，24小时安保巡逻，为您的安全保驾护航。','398.00',NULL,'15598653223','\nhttps://z1.muscache.cn/im/pictures/543281c2-3613-41f0-ae4f-95bae0fba517.jpg?aki_policy=large\n','\nhttps://z1.muscache.cn/im/pictures/6f223aec-c426-482d-b40c-ad61385bf4be.jpg?aki_policy=large\n','\nhttps://z1.muscache.cn/im/pictures/d2971c9a-eec3-41a7-9e77-a1f191f995c5.jpg?aki_policy=large\n'),(84,4,'海马爸爸民宿','重庆市, 涪陵区, 金科·中央公园城1期','房间很干净，也很清爽，花了我很多心思。色彩很素静，不会有让心烦乱的感觉，阳台可以看得很远，很适合放松心情。','128.00',NULL,'18998778912','\nhttps://z1.muscache.cn/im/pictures/f575bed5-0c43-4f12-9b28-9203a248d3b1.jpg?aki_policy=large\n','\nhttps://z1.muscache.cn/im/pictures/3d0178a6-aab7-4559-a895-d6608cb0654d.jpg?aki_policy=large\n','\nhttps://z1.muscache.cn/im/pictures/acdfaf33-eaf8-400a-a402-78a6fc796564.jpg?aki_policy=large\n'),(85,5,'【夏日の懒猫】静安寺/百年愚园路/网红之路/中山公园外滩人民广场吃喝一条线/近2号线/江苏路地铁站','上海市, 静安区','【特色】房间内有空调，电暖气片，2台除湿器。距离江苏路地铁站500米左右，小区进门口有公共市集 【户型】我的房子是1室1厅1卫loft，干净整洁，有厨房，有1张1.5米榻榻米可供2人居住，有1个卫生间。','280.00','999.00','16551512525','\nhttps://z1.muscache.cn/im/pictures/42eb84cd-3398-428d-831d-43e2ce21b7c6.jpg?aki_policy=large\n','\nhttps://z1.muscache.cn/im/pictures/8f43f777-fbfc-4052-8b92-c9a12ebde299.jpg?aki_policy=large\n','\nhttps://z1.muscache.cn/im/pictures/d9292c44-9388-43a9-88e0-59817d9dfd3c.jpg?aki_policy=large\n'),(86,5,'【朝花夕拾】『安心360消毒』南京西路商圈，一楼石库门，新风系统，近荣宅，兴业太古汇，地铁南京西路站','上海市, 静安区','可短租1-3个月！或长租，房间每次清洁后全面消毒，客人测量体温入住！我的名下还有其他几套独立民宿，可以点击我的头像，获取信息！可以凭借之前的订单获取 9折优惠！','259.00',NULL,'13539391717','\nhttps://z1.muscache.cn/im/pictures/prohost-api/Hosting-49199341/original/a32730df-49d4-4d3a-8dfe-624de8def075.jpeg?aki_policy=large\n','\nhttps://z1.muscache.cn/im/pictures/prohost-api/Hosting-49199341/original/a7ffa2ef-55fb-42bd-9f5d-865fdbd9c009.jpeg?aki_policy=large\n','\nhttps://z1.muscache.cn/im/pictures/prohost-api/Hosting-49199341/original/124dd5f6-235b-4aa6-ab52-75b579a68ce8.jpeg?aki_policy=large\n'),(87,5,'LOFT一居｜外出的花精灵 复兴中路 近地铁陕西南路 iapm 富民路巨鹿路长乐路 虹桥火车站直达','上海市, 徐汇区','LOFT设计，充分利用空间，打造视觉效果。小沙发，抱枕和花，一切都是这么可爱又温馨','238.00',NULL,'15558624563','\nhttps://z1.muscache.cn/im/pictures/462efc59-58d7-47ff-ab6b-d0120b3ddeff.jpg?aki_policy=large\n','\nhttps://z1.muscache.cn/im/pictures/136ad62b-c6f1-4feb-8b40-9b3c3fb9fe40.jpg?aki_policy=large\n','\nhttps://z1.muscache.cn/im/pictures/86ae7fde-c99f-4d74-97b4-85ea73a0c120.jpg?aki_policy=large\n'),(88,5,'鹿头舍x马卡龙A 华东师范大学旁独享一居室社区生活家 阳光小院 120寸投影 完备厨房','上海市, 普陀区','静安区，徐汇区，黄浦区的交汇位置，有太多有腔调的路，参天的法桐和红顶洋房勾勒出上海独有的氛围。咖啡厅，小酒馆，奶茶店，买手店，名人住宅林立，如果你有一双发现美的眼睛，每张照片都会很精彩','268.00','999.00','19123456789','\nhttps://z1.muscache.cn/im/pictures/1b81e86b-c8b6-4adc-a3d2-935ea94d7db2.jpg?aki_policy=large\n','\nhttps://z1.muscache.cn/im/pictures/201f735f-9bf5-4c84-98e3-b8bba9b86499.jpg?aki_policy=large\n','\nhttps://z1.muscache.cn/im/pictures/3245fd07-7f2e-4b82-a140-22a3774cd8cb.jpg?aki_policy=large\n'),(89,5,'【海天霞】复古英伦轻奢巨幕投影带公共庭院露台 新天地•淮海中路•思南公馆•瑞金医院步行5分钟百年洋房','上海市, 黄浦区','位于黄浦区新天地南昌路，2015年入列上海历史保护建筑，独栋四层洋房+温馨小院+淮海路天际线景观露台，闹中取静，如果你想切身感受上海弄堂文化和慢生活，这里是你的最好选择。如果你想感受上海的时尚和节奏，这里也是你的最好选择。','304.00',NULL,'16314693287','\nhttps://z1.muscache.cn/im/pictures/18bfafca-52f1-4331-b822-737182debd12.jpg?aki_policy=large\n','\nhttps://z1.muscache.cn/im/pictures/56212ec7-89bf-4b5c-956e-8b83e7478db0.jpg?aki_policy=large\n','\nhttps://z1.muscache.cn/im/pictures/6a67480f-323c-4b32-a4f8-a3cd079cbfbe.jpg?aki_policy=large\n'),(90,5,'{光影}市中心近地铁徐家汇交通大学带投影仪的独立LOFT一居|武康路上海图书馆|直达迪士尼虹桥可长租',' 上海市, 长宁区','=====位于市中心，周边梧桐夹道，闹中取静=====','347.00',NULL,'15101230123','\nhttps://z1.muscache.cn/im/pictures/fbf59523-66be-4686-85b7-b2a62be47ebd.jpg?aki_policy=large\n','\nhttps://z1.muscache.cn/im/pictures/45ecd606-cdc1-480a-96be-46d4b9d0349b.jpg?aki_policy=large\n','\nhttps://z1.muscache.cn/im/pictures/da028b65-c73e-465c-8a3e-d8c47d2f512a.jpg?aki_policy=large\n'),(91,1,'【千寻】4K巨幕商务大床房/落地窗已消毒/观音桥九街/地铁口/直达解放碑洪崖洞/开发票选择商旅服务',' 重庆市, 渝北区, 东原晴天见','【概要】旅行是一种期待与不确定的状态。向往未知、最大化人生体验、了解的越多，再回到生活中格局也自当不同。“慢活”是一种全新的生活方式与哲学，在喧嚣的都市中，有一处静谧的地方让你歇息，“大隐隐于市”黄泥磅商圈附近，一间充满趣味的民宿悄悄孕育生长，温馨的奶茶配色，空白之中留下精致的记忆，优雅的居住配置，让你卸下疲惫，舒适的居住环境，走近千寻sunshine，幸福充满着每一个角落，热爱生活，并且充满信心。','129.00','999.00','13912345678','https://z1.muscache.cn/im/pictures/miso/Hosting-48686221/original/4a6b58a1-90e6-4e04-9513-846ba1337b1e.jpeg?aki_policy=large','https://z1.muscache.cn/im/pictures/miso/Hosting-48686091/original/0c67181f-0b3c-4398-911e-085bafe527fa.jpeg?aki_policy=large','https://z1.muscache.cn/im/pictures/miso/Hosting-48686221/original/058acd27-6c90-4228-a0d4-a9b443edaf4a.jpeg?aki_policy=large'),(92,1,'【四分之三旅宿】无遮挡江景/超大露台/双人浴缸/管家接待/免费停车/120平米一居室套房','重庆市南岸区长江国际公寓1714','房源面积120平米，超豪华一居室江景套房，正对嘉陵江和长江两江交汇处，随时都能欣赏到来福士的灯光美景！旅宿楼下，即是可一边品尝道地火锅，一边观赏两江交汇的美味食肆－三六九南滨别院。距离小屋步行不到1KM，即是长嘉汇购物公园，内设杜莎夫人腊像馆，H&M购物店等及各式美食，广场有直达重庆各景点的旅游观光车，可根据自己需求选择不同线路到达景点，票价在5－15元。长嘉汇购物公园广场马路对面，即是弹子石轮渡码头，乘坐轮渡可到达长江对岸的朝天门码头，江北嘴大剧院等地。朝天门轮渡码头步行不到1KM…','582.00',NULL,'13030305050','https://z1.muscache.cn/im/pictures/53568e98-bb13-432d-a9fb-4204cbeef5b6.jpg?aki_policy=large','https://z1.muscache.cn/im/pictures/miso/Hosting-43436280/original/95af4ece-268d-4894-8f28-667168cb5ec8.jpeg?aki_policy=large','https://z1.muscache.cn/im/pictures/2fc5d8d7-3e0d-406b-b70b-c0a6df375668.jpg?aki_policy=large'),(93,1,'【千寻】解放碑/洪崖洞/十八梯/双地铁口/高清巨幕投影/高档小区/可开发票&自然系大床房','重庆市, 渝中区, 解放碑|1号|3栋','房源面积120平米，超豪华一居室江景套房，正对嘉陵江和长江两江交汇处，随时都能欣赏到来福士的灯光美景！小区24小时巡逻，每小时巡逻由一名安保人员按照楼层顺序、巡逻保证小主的安全。美食：楼下就是重庆著名的好吃街、李串串总店、石灰市烧鸡公、肖炮酥肉、耍家猪脚、佩姐火锅、山城汤圆、冰粉、凉虾、凉糕等，几乎各种口味都能找到。步行5分钟可到解放碑广场。','170.00',NULL,'18811112222','https://z1.muscache.cn/im/pictures/5a72554e-738f-4902-a695-873f72602bdd.jpg?aki_policy=large','https://z1.muscache.cn/im/pictures/780bb294-b3f8-4686-b08a-2821a098f659.jpg?aki_policy=large','https://z1.muscache.cn/im/pictures/17cc7c92-aadb-48d8-9783-798c4413e563.jpg?aki_policy=large'),(94,1,'《一半 · 安迪晓屋》性冷淡风投影浴缸大床/步行即达解放碑洪崖洞/下楼地铁站','重庆市, 渝中区, 金山商务大厦','这是一次颠覆性的尝试，新颖的布局配上落地玻璃隔断，让房间宽敞通透，为最亲蜜的旅途伴侣打造最别致的空间体验。充满纯净和高级感的白色系风，落地窗边配置了超大圆形欧式浴缸，无论是阴冷的寒冬还是酷热的炎夏，一边泡澡，一边追一部心爱的剧目，一天的劳顿瞬间融化，再和亲密的伴侣钻入别致的睡眠空间，世界变得又小又安静。对了，淋浴区很宽大很舒适哦，让厌倦了尴尬逼仄空间的你，舒缓优雅地洗去一天的疲惫……','149.00','999.00','16612457836','https://z1.muscache.cn/im/pictures/0cfb6bfa-4ceb-428e-9a39-2a5906c11b65.jpg?aki_policy=large','https://z1.muscache.cn/im/pictures/4b74c8eb-d161-48a8-81e5-6c226e6537f1.jpg?aki_policy=large','https://z1.muscache.cn/im/pictures/1d20f837-6d71-484b-ae11-9f20890edac5.jpg?aki_policy=large'),(95,1,'【路寓·悠悠】解放碑好吃街 豪华投影浴缸房','重庆市, 渝中区, 阳光星座','房源为整套房源，大开间格局，独立卫生间，简洁明亮的欧式装修,超大落地窗;楼下有银行,便利店,超市,楼后有一天餐饮街;楼下是公交站,走几百米是二号线黄花园轻轨站，三个站就到网红穿楼而过的李子坝站;坐车五分钟到解放碑,走路十分钟到洪崖洞。交通、生活、旅行都及其方便。','139.00',NULL,'15512369874','https://z1.muscache.cn/im/pictures/miso/Hosting-49231453/original/22a60fa1-a2a5-4692-a546-27bc14f9be17.jpeg?aki_policy=large','https://z1.muscache.cn/im/pictures/miso/Hosting-49231453/original/0bf365e9-85ee-49f8-8e92-d0d62cdb0527.jpeg?aki_policy=large','https://z1.muscache.cn/im/pictures/miso/Hosting-49231453/original/3b5f5254-617d-4c84-9ff3-191834ba29b4.jpeg?aki_policy=large'),(96,1,'【拾光2818】解放碑好吃街/朝天门来福士/洪崖洞/长江索道/小什字地铁站高层北欧简约江景套房','重庆市, 渝中区, 时代天骄(新华路)','渝中区解放碑商圈/朝天门/红崖洞/长江索道附近＜拾光＞高层北欧简约风双景观房/亲子套房50平宽户一居室配置1.5米大床及双人沙发满足您及家人的出行需求；足不出户就能欣赏网红城市重庆魅力无限的夜景，山城高低错落的建筑尽显眼前。宽敞的一室一厅备套齐全(空调/投影/WF/冰箱/酒吧台/洗衣机/电吹风）满足各种出行需求，超舒适的床上用品及定制的品质卫浴用品让您感受到贵宾服务，选择【拾光】让你的旅途更加舒心！','134.00',NULL,'14932165478','\nhttps://z1.muscache.cn/im/pictures/61642749-0aa8-4b56-a245-f3131c2e9811.jpg?aki_policy=large\n','\nhttps://z1.muscache.cn/im/pictures/0b74d19a-fc4f-44b4-8da0-7d34bd883295.jpg?aki_policy=large\n','\nhttps://z1.muscache.cn/im/pictures/ce6349a5-1107-4386-afc3-84208e053b23.jpg?aki_policy=large\n'),(97,2,'温馨大床房 紧邻儿研所，第一使馆区三里屯/工体，建国门国贸，临近朝阳门地铁站','北京市, 朝阳区,日坛公园','在一段喧嚣繁忙后，带上家人，约着朋友来这里享受度假的日子，这里有繁华街景，饭后楼下就是日坛公园享受皇家园林的饭后时光，可以去三里屯逛街，这个房间是一个独立开间，采光为内窗房型。可以供您休息和收看电视节目，厨房有冰箱、电磁炉以及厨具，在旅途中可以亲手制作美食，（厨具需要到房东这来领取）。','305.00','999.00','15774125896','\nhttps://z1.muscache.cn/im/pictures/miso/Hosting-48685956/original/e0ea5a3c-6893-42c6-bbce-0fc3ba6542ea.jpeg?aki_policy=large','\nhttps://z1.muscache.cn/im/pictures/miso/Hosting-48684890/original/cab19784-c022-4e58-a165-283d9a911d76.jpeg?aki_policy=large','\nhttps://z1.muscache.cn/im/pictures/miso/Hosting-48685956/original/3a6484c9-bf65-4a17-8ae5-9403b2b864be.jpeg?aki_policy=large'),(98,2,'【逅来·森林】百子湾地铁/国贸CBD/三里屯/大望路/欢乐谷/四惠/复式loft/高清私人影院/北京','北京市, 朝阳区，沿海赛洛城','网红潮人社区-野奢画报拍摄-置身Loft“森林小屋”，听着鸟语、闻着花香，品着咖啡静心阅读，体验仙境般的秘密生活，更能拍出画报般的质感大片，为你的社交账号增添一分精致。每间民宿均由逅来独立原创设计师设计，并匹配专属私人管家为您倾心服务，还有专业品控师保证入住体验。','498.00',NULL,'13615935755','\nhttps://z1.muscache.cn/im/pictures/036109da-50eb-4554-98b4-9e4f59567471.jpg?aki_policy=large\n','\nhttps://z1.muscache.cn/im/pictures/98dd5b96-b6dd-44f3-9391-6c1e886a46ac.jpg?aki_policy=large\n','\nhttps://z1.muscache.cn/im/pictures/4a1774f4-2644-4d9c-abea-262b07a9562c.jpg?aki_policy=large\n'),(99,2,'9婉婷情怀大床房/近天安门/故宫/南锣鼓巷/王府井，簋街/协和医院/陆军总医院','北京市, 东城区, 平安发展大厦','接下来我要分享一下我住的小院落“红日路四合院”：小院座落于北京东城区，上下两层的建筑，木制台阶和连廊包围着小小的庭院。灰色的墙砖，屋顶片片青瓦，红绿色的建筑色彩搭配及雕花装饰，让人一眼就喜欢上它的古色古香。站在二楼可以俯瞰整个胡同，感受清晨的第一缕阳光和鸟鸣，可以随意摆着各种pose拍照。闲时您也可以在庭院里坐着小马夹品茶话闲，惬意之时，也体会一把古人的“偷得浮生半日闲”。','291.00',NULL,'19823687419','\nhttps://z1.muscache.cn/im/pictures/aefbb8f1-5a78-4b74-a9a2-9bd105406237.jpg?aki_policy=large\n','\nhttps://z1.muscache.cn/im/pictures/ffff2fa3-eabd-4fc1-a9e1-5229d2ff7fa3.jpg?aki_policy=x_large\n','\nhttps://z1.muscache.cn/im/pictures/42f36554-9d5b-4618-8e09-76e9d92776d2.jpg?aki_policy=x_large\n'),(100,2,'天坛公园，天安门，前门，大栅栏，故宫，王府井，雍和宫，水立方，鸟巢地铁5/14号线附近，北京南站。',' 北京市, 丰台区, 芳群园2区','为旅居北京的国内各界人士提供短期租房服务，倾力为您打造出一种具有居家式的居住环境和管家式服务的时尚居住式。','384.00','999.00','14612365478','\nhttps://z1.muscache.cn/im/pictures/miso/Hosting-44198062/original/37c14975-8031-4e10-9620-83c8e45a7dac.jpeg?aki_policy=large\n','\nhttps://z1.muscache.cn/im/pictures/miso/Hosting-44198062/original/67104c9c-2262-48eb-b3f0-c734c75ea375.jpeg?aki_policy=large\n','\nhttps://z1.muscache.cn/im/pictures/256b61a6-f80f-49cd-8a67-b99a27ecfcb5.jpg?aki_policy=x_large\n'),(101,2,'【栖心】2-大郊亭7号线/近合生汇/百子湾/国贸/双井/欢乐谷/92寸大投影日式和风loft公寓','北京市, 朝阳区, 大成国际公寓A座','欢迎您入住日式和风LOFT——栖心。房源位于北京市朝阳区，靠近百子湾/大望路/国贸，距离“大郊亭”地铁站大约700米，乘坐地铁7号线，交通便利。','534.00',NULL,'15798765432','\nhttps://z1.muscache.cn/im/pictures/69732c69-c014-45f3-92d7-fb581d885df8.jpg?aki_policy=large\n','\nhttps://z1.muscache.cn/im/pictures/1dccbfe8-85e9-4267-bc16-cb90a1f4afdb.jpg?aki_policy=large\n','\nhttps://z1.muscache.cn/im/pictures/7d5fb64a-dc66-4112-8e65-e9023281cf40.jpg?aki_policy=x_large\n'),(102,2,'【下单享八折】三里屯舒适安静一居室/近太古里北区/近团结湖地铁站/国贸CBD','北京市, 朝阳区, 三里屯','位置：地处北京年轻潮流的三里屯商圈内，位于三里屯太古里步行街边，下楼马路对面便是3.3大厦、那里花园、三联韬奋书店、同里大厦，向南便是三里屯太古里、酒吧一条街、三里屯SOHO，只有几分钟的步程，向西便是工人体育场、世茂工三、蜂巢剧场。来住的客人会去工体看一场演唱会，或是去红街吃一顿地道的火锅，或是茶余饭后去那里花园的小广场停留休憩，或是去北京美书店老书虫享受安静的读书时光，你可以拥有三里屯“魔幻现实主义”的所有惊喜。','360.00',NULL,'18512126969','\nhttps://z1.muscache.cn/im/pictures/dadfb3bb-0425-4baa-b47f-ea1033cf5773.jpg?aki_policy=large\n','\nhttps://z1.muscache.cn/im/pictures/1d493e63-154f-4bca-a051-bc5846ecd0c5.jpg?aki_policy=large\n','\nhttps://z1.muscache.cn/im/pictures/71ce5898-411f-49ec-a822-4c62c878eeeb.jpg?aki_policy=x_large\n'),(103,3,'無舍·日旭 【每客消杀安心入住】/高清投影/免费行李寄存/东大路地铁站/近春熙路太古里IFS','四川省, 成都市, 锦江区, 环球汇·蔚然','【房源位置】2号线东大路地铁站旁,距离春熙路太古里和成都东站交通都很方便,地铁2-4站直达,打车也在15分钟内可到达、距离双流机场也只有17KM，是您旅游、出行、休息的不二之选。周边街区成熟，楼下就有连锁便利店,日常用品都能买到餐厅 小吃 火锅 应有尽有,您可以品尝到很地道的成都美食。房东随时在线，提供各种帮助及成都吃喝玩乐建议。也可点开我头像查看我的其他房源。','158.00','999.00','17745451212','\nhttps://z1.muscache.cn/im/pictures/748c9e80-3dd6-41c0-b690-230532ed141b.jpg?aki_policy=large\n','\nhttps://z1.muscache.cn/im/pictures/f55dcf4f-75cd-4ea6-a77b-7db22e2a8d90.jpg?aki_policy=x_large\n','\nhttps://z1.muscache.cn/im/pictures/5bd0238b-9611-4072-b354-b115bd38abf5.jpg?aki_policy=x_large\n'),(104,3,'Jungle | 鸭川 春熙路太古里旁小京都/带独立庭院/悠扬夏日/中央空调','四川省, 成都市, 锦江区, 天誉南区','1.8×2米双人床（宜住两人可住三人）、软硬适中床垫(深睡、完全静音)、latex system乳胶枕芯、全套高级床品。希望带给您无忧的睡眠体验。','119.00',NULL,'13326265959','\nhttps://z1.muscache.cn/im/pictures/96de6175-e336-4699-a732-c1dc51b6ee43.jpg?aki_policy=large\n','\nhttps://z1.muscache.cn/im/pictures/fa941182-0735-40b4-ac35-bea64b5a6a44.jpg?aki_policy=large\n','\nhttps://z1.muscache.cn/im/pictures/d505d1c4-bc1f-451e-8ef9-ed46d9121d9e.jpg?aki_policy=large\n'),(105,3,'超清投影&下楼就有地铁&距离春熙路4个站&文殊院&舒适LOFT&可住4人','四川省, 成都市, 金牛区, 龙湖·上城(建设中)','Hello，你所浏览的房源是一套一室一厨一卫的精装公寓我们有l两张1.5x2m大床，可供4人居住，『高速WIFI、空调、冰箱、洗衣机、电梯、电热水器、门禁、电热水壶、沙发、衣架』，房门配有智能密码锁，方便您进出；','194.00',NULL,'13688889999','\nhttps://z1.muscache.cn/im/pictures/de5ea966-89f6-4087-8e02-a4dad2a7eb93.jpg?aki_policy=large\n','\nhttps://z1.muscache.cn/im/pictures/de5ea966-89f6-4087-8e02-a4dad2a7eb93.jpg?aki_policy=large\n','\nhttps://z1.muscache.cn/im/pictures/44e27a4c-e9c8-4cf5-9e2f-8d1e53829aeb.jpg?aki_policy=large\n'),(106,3,'漫漫|云里 免清洁费！高品质设计公寓/8分钟到春熙路/下楼地铁口/家庭影院/地下停车/可开票','四川省, 成都市, 金牛区, 人民北路一段','房源位于人民北路地铁站B口，地铁1号线与地铁6号线交汇处。下楼便是龙湖的综合商业体，吃喝玩乐超级方便！位置绝佳，交通极其便利，地铁三站直达天府广场，四站可达春熙路太古里。仅靠金牛万达广场、龙湖上城天街购物中心、成都火车站、文殊院、宽窄巷子。','174.00','999.00','15615154848','\nhttps://z1.muscache.cn/im/pictures/d8a4352f-8324-4845-b5cf-f41477baf784.jpg?aki_policy=large\n','\nhttps://z1.muscache.cn/im/pictures/9c2e6d67-6fa1-4578-866f-a9c1377fbf52.jpg?aki_policy=large\n','\nhttps://z1.muscache.cn/im/pictures/4938b246-22f3-43a4-be71-53e311d30e0c.jpg?aki_policy=large\n'),(107,3,'【网红空中花园】春熙路｜熊猫基地｜宽窄巷子｜楼下王府井｜近地铁｜免费空中书吧｜空中咖啡厅｜严格消毒｜','四川省, 成都市, 成华区, 永立龙寓','我们根据面积从小到大一共三种房型，每种房型都有数套，装修风格一样，都在这栋楼里面，可以多订。点击房东头像，浏览更多其他房型，记得关注收藏房源呦！','158.00',NULL,'14496325888','\nhttps://z1.muscache.cn/im/pictures/1cde920a-9e5c-45d3-a760-847abface937.jpg?aki_policy=large\n','\nhttps://z1.muscache.cn/im/pictures/d14b4bb0-9e70-4288-b3e6-4b878b7dc369.jpg?aki_policy=large\n','\nhttps://z1.muscache.cn/im/pictures/51eca491-e9d3-4c77-a95c-e2ad9d2a9cec.jpg?aki_policy=large\n'),(108,3,'【無舍民宿·石粹】100寸高清投影/地铁口/行李免费寄存/近春熙路/九眼桥/东站/宽窄巷/天府广场','四川省, 成都市, 锦江区, 环球汇·蔚然','大家好,我是房东瓶子,成都本地大男孩,了解本地的各种美食,可以帮你做推荐｡【交通】距地铁2号线东大路站100m,2站即到成都东站,4站即到春熙路步行街(ifs､太古里),及近邻宽窄巷子､锦里､武侯祠､东郊记忆､杜甫草堂等各大景区｡【小区】高档板块的豪华公寓,酒店式入户大堂,市中心环境好,24小时安保系统','138.00',NULL,'16812312399','\nhttps://z1.muscache.cn/im/pictures/miso/Hosting-47258093/original/f7afc6fa-1828-4a3e-8597-4ef848759907.jpeg?aki_policy=large\n','\nhttps://z1.muscache.cn/im/pictures/miso/Hosting-47258093/original/edb70213-51c0-4487-879b-3c02ff572875.jpeg?aki_policy=large\n','\nhttps://z1.muscache.cn/im/pictures/miso/Hosting-47258093/original/483a8d6c-f8ef-4431-bb81-63d0f5d5060a.jpeg?aki_policy=x_large\n'),(109,4,'涪陵高笋塘新世纪泽胜双子塔观景房','重庆市, 涪陵区, 涪陵荔枝街道','房间为北欧风格，位于高层楼房，配有洗衣机、冰箱、厨具，可洗衣做饭。百兆宽带极速上网，55寸超大液晶电视，空调，智能门锁，沙发，茶几，优质床上用品，高档洗漱用品等。房间由专业人员清洁，每客一扫，每客一换，干净整洁。','136.00','999.00','19912345689','\nhttps://z1.muscache.cn/im/pictures/10b77f24-5e62-45d3-ac42-b6c1997548fd.jpg?aki_policy=large\n','\nhttps://z1.muscache.cn/im/pictures/5ca9d3a5-6dcd-4554-b258-198f95acb4ca.jpg?aki_policy=large\n','\nhttps://z1.muscache.cn/im/pictures/2717192c-fee7-4e07-b117-4a70c083b190.jpg?aki_policy=large\n'),(110,4,'涪陵泽胜中央广场～舒适全街景房（可洗衣做饭）','重庆市, 涪陵区, 双子塔','现代风格装修。临街落地窗，丽江手鼓、小冰箱，独立厨房可做饭。配有优眠乳胶床垫，手机充电器。床品及巾类严格按四星酒店标准洗涤，杯具及拖鞋用84消毒液浸泡消毒。当您出差旅行下榻该房间时，可悠闲坐落地窗旁，看来往的路人风景，敲响丽江手鼓感受独有的浪漫情怀！','189.00',NULL,'15612345612','\nhttps://z1.muscache.cn/im/pictures/ecb6aeca-039e-44e8-bc29-0c420f7a8635.jpg?aki_policy=large\n','\nhttps://z1.muscache.cn/im/pictures/9d69dfaf-9f1e-4728-a2ca-228529650a87.jpg?aki_policy=large\n','\nhttps://z1.muscache.cn/im/pictures/dabeda9c-fc81-4298-9bc5-ffc461708d2c.jpg?aki_policy=x_large\n'),(111,4,'涪陵泽胜中央广场～落地大床房（可做饭）','重庆市, 涪陵区, 双子塔','日式原木风格装修，大飘窗、独立洗浴间、独立厨房可做饭。该房间最多可入住三人，是三口之家的首要选择。配有优眠乳胶床垫，手机充电器，可点播网络电视。床品及巾类严格按四星酒店标准洗涤，杯具及拖鞋用84消毒液浸泡消毒。希望房间内别具童真和风情的休闲沙发能给您的旅途带去一丝温暖和轻松。','173.00',NULL,'13487654321','\nhttps://z1.muscache.cn/im/pictures/miso/Hosting-47164049/original/3d845bd1-3580-454e-835f-399b64905432.jpeg?aki_policy=large\n','\nhttps://z1.muscache.cn/im/pictures/miso/Hosting-47164049/original/694bb6d7-eeac-4a64-a968-3e81762fb7c4.jpeg?aki_policy=large\n','\nhttps://z1.muscache.cn/im/pictures/miso/Hosting-47164049/original/36f2c3c6-5dd3-49c8-8b3c-68b1e2fc26aa.jpeg?aki_policy=large\n'),(112,4,'【拾光民宿】宝龙广场商圈泽胜温泉城现代简约2居室',' 重庆市, 涪陵区, 泽胜温泉城','本套房源为房东自住房。所以装修材料以及各类家电都是一线品牌。小区周围配套设施齐全，楼下停车场，车程5分钟可到涪陵西城商圈宝龙广场，永辉超市，宝龙商业街，宝龙好吃街，以及涪陵客运中心。从房间里面可以看到小区绿化，让你体验不一样的风景。','268.00','999.00','13325885225','\nhttps://z1.muscache.cn/im/pictures/4ffabd26-a191-4483-be59-3e7674e730bd.jpg?aki_policy=large\n','\nhttps://z1.muscache.cn/im/pictures/7e449b5b-7ab7-41f0-9ac4-569130fabde2.jpg?aki_policy=large\n','\nhttps://z1.muscache.cn/im/pictures/6ab9b15e-1182-45d2-85a3-e3ec106f2f97.jpg?aki_policy=large\n'),(113,4,'涪陵泽胜温泉城倚风居','重庆市, 涪陵区, 涪陵迎宾大道泽胜温泉城小区','倚风居是以家的模式，为旅途中的您提供最温暖舒适的休憩之所。小区环境优美恬静，并配有蓝球场，羽毛球场，小区内有重庆西南最优质的温泉，最大的水上儿童乐园以及健身场地，24小时安保巡逻，为您的安全保驾护航。','398.00',NULL,'15598653223','\nhttps://z1.muscache.cn/im/pictures/543281c2-3613-41f0-ae4f-95bae0fba517.jpg?aki_policy=large\n','\nhttps://z1.muscache.cn/im/pictures/6f223aec-c426-482d-b40c-ad61385bf4be.jpg?aki_policy=large\n','\nhttps://z1.muscache.cn/im/pictures/d2971c9a-eec3-41a7-9e77-a1f191f995c5.jpg?aki_policy=large\n'),(114,4,'海马爸爸民宿','重庆市, 涪陵区, 金科·中央公园城1期','房间很干净，也很清爽，花了我很多心思。色彩很素静，不会有让心烦乱的感觉，阳台可以看得很远，很适合放松心情。','128.00',NULL,'18998778912','\nhttps://z1.muscache.cn/im/pictures/f575bed5-0c43-4f12-9b28-9203a248d3b1.jpg?aki_policy=large\n','\nhttps://z1.muscache.cn/im/pictures/3d0178a6-aab7-4559-a895-d6608cb0654d.jpg?aki_policy=large\n','\nhttps://z1.muscache.cn/im/pictures/acdfaf33-eaf8-400a-a402-78a6fc796564.jpg?aki_policy=large\n'),(115,5,'【夏日の懒猫】静安寺/百年愚园路/网红之路/中山公园外滩人民广场吃喝一条线/近2号线/江苏路地铁站','上海市, 静安区','【特色】房间内有空调，电暖气片，2台除湿器。距离江苏路地铁站500米左右，小区进门口有公共市集 【户型】我的房子是1室1厅1卫loft，干净整洁，有厨房，有1张1.5米榻榻米可供2人居住，有1个卫生间。','280.00','999.00','16551512525','\nhttps://z1.muscache.cn/im/pictures/42eb84cd-3398-428d-831d-43e2ce21b7c6.jpg?aki_policy=large\n','\nhttps://z1.muscache.cn/im/pictures/8f43f777-fbfc-4052-8b92-c9a12ebde299.jpg?aki_policy=large\n','\nhttps://z1.muscache.cn/im/pictures/d9292c44-9388-43a9-88e0-59817d9dfd3c.jpg?aki_policy=large\n'),(116,5,'【朝花夕拾】『安心360消毒』南京西路商圈，一楼石库门，新风系统，近荣宅，兴业太古汇，地铁南京西路站','上海市, 静安区','可短租1-3个月！或长租，房间每次清洁后全面消毒，客人测量体温入住！我的名下还有其他几套独立民宿，可以点击我的头像，获取信息！可以凭借之前的订单获取 9折优惠！','259.00',NULL,'13539391717','\nhttps://z1.muscache.cn/im/pictures/prohost-api/Hosting-49199341/original/a32730df-49d4-4d3a-8dfe-624de8def075.jpeg?aki_policy=large\n','\nhttps://z1.muscache.cn/im/pictures/prohost-api/Hosting-49199341/original/a7ffa2ef-55fb-42bd-9f5d-865fdbd9c009.jpeg?aki_policy=large\n','\nhttps://z1.muscache.cn/im/pictures/prohost-api/Hosting-49199341/original/124dd5f6-235b-4aa6-ab52-75b579a68ce8.jpeg?aki_policy=large\n'),(117,5,'LOFT一居｜外出的花精灵 复兴中路 近地铁陕西南路 iapm 富民路巨鹿路长乐路 虹桥火车站直达','上海市, 徐汇区','LOFT设计，充分利用空间，打造视觉效果。小沙发，抱枕和花，一切都是这么可爱又温馨','238.00',NULL,'15558624563','\nhttps://z1.muscache.cn/im/pictures/462efc59-58d7-47ff-ab6b-d0120b3ddeff.jpg?aki_policy=large\n','\nhttps://z1.muscache.cn/im/pictures/136ad62b-c6f1-4feb-8b40-9b3c3fb9fe40.jpg?aki_policy=large\n','\nhttps://z1.muscache.cn/im/pictures/86ae7fde-c99f-4d74-97b4-85ea73a0c120.jpg?aki_policy=large\n'),(118,5,'鹿头舍x马卡龙A 华东师范大学旁独享一居室社区生活家 阳光小院 120寸投影 完备厨房','上海市, 普陀区','静安区，徐汇区，黄浦区的交汇位置，有太多有腔调的路，参天的法桐和红顶洋房勾勒出上海独有的氛围。咖啡厅，小酒馆，奶茶店，买手店，名人住宅林立，如果你有一双发现美的眼睛，每张照片都会很精彩','268.00','999.00','19123456789','\nhttps://z1.muscache.cn/im/pictures/1b81e86b-c8b6-4adc-a3d2-935ea94d7db2.jpg?aki_policy=large\n','\nhttps://z1.muscache.cn/im/pictures/201f735f-9bf5-4c84-98e3-b8bba9b86499.jpg?aki_policy=large\n','\nhttps://z1.muscache.cn/im/pictures/3245fd07-7f2e-4b82-a140-22a3774cd8cb.jpg?aki_policy=large\n'),(119,5,'【海天霞】复古英伦轻奢巨幕投影带公共庭院露台 新天地•淮海中路•思南公馆•瑞金医院步行5分钟百年洋房','上海市, 黄浦区','位于黄浦区新天地南昌路，2015年入列上海历史保护建筑，独栋四层洋房+温馨小院+淮海路天际线景观露台，闹中取静，如果你想切身感受上海弄堂文化和慢生活，这里是你的最好选择。如果你想感受上海的时尚和节奏，这里也是你的最好选择。','304.00',NULL,'16314693287','\nhttps://z1.muscache.cn/im/pictures/18bfafca-52f1-4331-b822-737182debd12.jpg?aki_policy=large\n','\nhttps://z1.muscache.cn/im/pictures/56212ec7-89bf-4b5c-956e-8b83e7478db0.jpg?aki_policy=large\n','\nhttps://z1.muscache.cn/im/pictures/6a67480f-323c-4b32-a4f8-a3cd079cbfbe.jpg?aki_policy=large\n'),(120,5,'{光影}市中心近地铁徐家汇交通大学带投影仪的独立LOFT一居|武康路上海图书馆|直达迪士尼虹桥可长租',' 上海市, 长宁区','=====位于市中心，周边梧桐夹道，闹中取静=====','347.00',NULL,'15101230123','\nhttps://z1.muscache.cn/im/pictures/fbf59523-66be-4686-85b7-b2a62be47ebd.jpg?aki_policy=large\n','\nhttps://z1.muscache.cn/im/pictures/45ecd606-cdc1-480a-96be-46d4b9d0349b.jpg?aki_policy=large\n','\nhttps://z1.muscache.cn/im/pictures/da028b65-c73e-465c-8a3e-d8c47d2f512a.jpg?aki_policy=large\n'),(121,1,'【千寻】4K巨幕商务大床房/落地窗已消毒/观音桥九街/地铁口/直达解放碑洪崖洞/开发票选择商旅服务',' 重庆市, 渝北区, 东原晴天见','【概要】旅行是一种期待与不确定的状态。向往未知、最大化人生体验、了解的越多，再回到生活中格局也自当不同。“慢活”是一种全新的生活方式与哲学，在喧嚣的都市中，有一处静谧的地方让你歇息，“大隐隐于市”黄泥磅商圈附近，一间充满趣味的民宿悄悄孕育生长，温馨的奶茶配色，空白之中留下精致的记忆，优雅的居住配置，让你卸下疲惫，舒适的居住环境，走近千寻sunshine，幸福充满着每一个角落，热爱生活，并且充满信心。','129.00','999.00','13912345678','https://z1.muscache.cn/im/pictures/miso/Hosting-48686221/original/4a6b58a1-90e6-4e04-9513-846ba1337b1e.jpeg?aki_policy=large','https://z1.muscache.cn/im/pictures/miso/Hosting-48686091/original/0c67181f-0b3c-4398-911e-085bafe527fa.jpeg?aki_policy=large','https://z1.muscache.cn/im/pictures/miso/Hosting-48686221/original/058acd27-6c90-4228-a0d4-a9b443edaf4a.jpeg?aki_policy=large'),(122,1,'【四分之三旅宿】无遮挡江景/超大露台/双人浴缸/管家接待/免费停车/120平米一居室套房','重庆市南岸区长江国际公寓1714','房源面积120平米，超豪华一居室江景套房，正对嘉陵江和长江两江交汇处，随时都能欣赏到来福士的灯光美景！旅宿楼下，即是可一边品尝道地火锅，一边观赏两江交汇的美味食肆－三六九南滨别院。距离小屋步行不到1KM，即是长嘉汇购物公园，内设杜莎夫人腊像馆，H&M购物店等及各式美食，广场有直达重庆各景点的旅游观光车，可根据自己需求选择不同线路到达景点，票价在5－15元。长嘉汇购物公园广场马路对面，即是弹子石轮渡码头，乘坐轮渡可到达长江对岸的朝天门码头，江北嘴大剧院等地。朝天门轮渡码头步行不到1KM…','582.00',NULL,'13030305050','https://z1.muscache.cn/im/pictures/53568e98-bb13-432d-a9fb-4204cbeef5b6.jpg?aki_policy=large','https://z1.muscache.cn/im/pictures/miso/Hosting-43436280/original/95af4ece-268d-4894-8f28-667168cb5ec8.jpeg?aki_policy=large','https://z1.muscache.cn/im/pictures/2fc5d8d7-3e0d-406b-b70b-c0a6df375668.jpg?aki_policy=large'),(123,1,'【千寻】解放碑/洪崖洞/十八梯/双地铁口/高清巨幕投影/高档小区/可开发票&自然系大床房','重庆市, 渝中区, 解放碑|1号|3栋','房源面积120平米，超豪华一居室江景套房，正对嘉陵江和长江两江交汇处，随时都能欣赏到来福士的灯光美景！小区24小时巡逻，每小时巡逻由一名安保人员按照楼层顺序、巡逻保证小主的安全。美食：楼下就是重庆著名的好吃街、李串串总店、石灰市烧鸡公、肖炮酥肉、耍家猪脚、佩姐火锅、山城汤圆、冰粉、凉虾、凉糕等，几乎各种口味都能找到。步行5分钟可到解放碑广场。','170.00',NULL,'18811112222','https://z1.muscache.cn/im/pictures/5a72554e-738f-4902-a695-873f72602bdd.jpg?aki_policy=large','https://z1.muscache.cn/im/pictures/780bb294-b3f8-4686-b08a-2821a098f659.jpg?aki_policy=large','https://z1.muscache.cn/im/pictures/17cc7c92-aadb-48d8-9783-798c4413e563.jpg?aki_policy=large'),(124,1,'《一半 · 安迪晓屋》性冷淡风投影浴缸大床/步行即达解放碑洪崖洞/下楼地铁站','重庆市, 渝中区, 金山商务大厦','这是一次颠覆性的尝试，新颖的布局配上落地玻璃隔断，让房间宽敞通透，为最亲蜜的旅途伴侣打造最别致的空间体验。充满纯净和高级感的白色系风，落地窗边配置了超大圆形欧式浴缸，无论是阴冷的寒冬还是酷热的炎夏，一边泡澡，一边追一部心爱的剧目，一天的劳顿瞬间融化，再和亲密的伴侣钻入别致的睡眠空间，世界变得又小又安静。对了，淋浴区很宽大很舒适哦，让厌倦了尴尬逼仄空间的你，舒缓优雅地洗去一天的疲惫……','149.00','999.00','16612457836','https://z1.muscache.cn/im/pictures/0cfb6bfa-4ceb-428e-9a39-2a5906c11b65.jpg?aki_policy=large','https://z1.muscache.cn/im/pictures/4b74c8eb-d161-48a8-81e5-6c226e6537f1.jpg?aki_policy=large','https://z1.muscache.cn/im/pictures/1d20f837-6d71-484b-ae11-9f20890edac5.jpg?aki_policy=large'),(125,1,'【路寓·悠悠】解放碑好吃街 豪华投影浴缸房','重庆市, 渝中区, 阳光星座','房源为整套房源，大开间格局，独立卫生间，简洁明亮的欧式装修,超大落地窗;楼下有银行,便利店,超市,楼后有一天餐饮街;楼下是公交站,走几百米是二号线黄花园轻轨站，三个站就到网红穿楼而过的李子坝站;坐车五分钟到解放碑,走路十分钟到洪崖洞。交通、生活、旅行都及其方便。','139.00',NULL,'15512369874','https://z1.muscache.cn/im/pictures/miso/Hosting-49231453/original/22a60fa1-a2a5-4692-a546-27bc14f9be17.jpeg?aki_policy=large','https://z1.muscache.cn/im/pictures/miso/Hosting-49231453/original/0bf365e9-85ee-49f8-8e92-d0d62cdb0527.jpeg?aki_policy=large','https://z1.muscache.cn/im/pictures/miso/Hosting-49231453/original/3b5f5254-617d-4c84-9ff3-191834ba29b4.jpeg?aki_policy=large'),(126,1,'【拾光2818】解放碑好吃街/朝天门来福士/洪崖洞/长江索道/小什字地铁站高层北欧简约江景套房','重庆市, 渝中区, 时代天骄(新华路)','渝中区解放碑商圈/朝天门/红崖洞/长江索道附近＜拾光＞高层北欧简约风双景观房/亲子套房50平宽户一居室配置1.5米大床及双人沙发满足您及家人的出行需求；足不出户就能欣赏网红城市重庆魅力无限的夜景，山城高低错落的建筑尽显眼前。宽敞的一室一厅备套齐全(空调/投影/WF/冰箱/酒吧台/洗衣机/电吹风）满足各种出行需求，超舒适的床上用品及定制的品质卫浴用品让您感受到贵宾服务，选择【拾光】让你的旅途更加舒心！','134.00',NULL,'14932165478','\nhttps://z1.muscache.cn/im/pictures/61642749-0aa8-4b56-a245-f3131c2e9811.jpg?aki_policy=large\n','\nhttps://z1.muscache.cn/im/pictures/0b74d19a-fc4f-44b4-8da0-7d34bd883295.jpg?aki_policy=large\n','\nhttps://z1.muscache.cn/im/pictures/ce6349a5-1107-4386-afc3-84208e053b23.jpg?aki_policy=large\n'),(127,2,'温馨大床房 紧邻儿研所，第一使馆区三里屯/工体，建国门国贸，临近朝阳门地铁站','北京市, 朝阳区,日坛公园','在一段喧嚣繁忙后，带上家人，约着朋友来这里享受度假的日子，这里有繁华街景，饭后楼下就是日坛公园享受皇家园林的饭后时光，可以去三里屯逛街，这个房间是一个独立开间，采光为内窗房型。可以供您休息和收看电视节目，厨房有冰箱、电磁炉以及厨具，在旅途中可以亲手制作美食，（厨具需要到房东这来领取）。','305.00','999.00','15774125896','\nhttps://z1.muscache.cn/im/pictures/miso/Hosting-48685956/original/e0ea5a3c-6893-42c6-bbce-0fc3ba6542ea.jpeg?aki_policy=large','\nhttps://z1.muscache.cn/im/pictures/miso/Hosting-48684890/original/cab19784-c022-4e58-a165-283d9a911d76.jpeg?aki_policy=large','\nhttps://z1.muscache.cn/im/pictures/miso/Hosting-48685956/original/3a6484c9-bf65-4a17-8ae5-9403b2b864be.jpeg?aki_policy=large'),(128,2,'【逅来·森林】百子湾地铁/国贸CBD/三里屯/大望路/欢乐谷/四惠/复式loft/高清私人影院/北京','北京市, 朝阳区，沿海赛洛城','网红潮人社区-野奢画报拍摄-置身Loft“森林小屋”，听着鸟语、闻着花香，品着咖啡静心阅读，体验仙境般的秘密生活，更能拍出画报般的质感大片，为你的社交账号增添一分精致。每间民宿均由逅来独立原创设计师设计，并匹配专属私人管家为您倾心服务，还有专业品控师保证入住体验。','498.00',NULL,'13615935755','\nhttps://z1.muscache.cn/im/pictures/036109da-50eb-4554-98b4-9e4f59567471.jpg?aki_policy=large\n','\nhttps://z1.muscache.cn/im/pictures/98dd5b96-b6dd-44f3-9391-6c1e886a46ac.jpg?aki_policy=large\n','\nhttps://z1.muscache.cn/im/pictures/4a1774f4-2644-4d9c-abea-262b07a9562c.jpg?aki_policy=large\n'),(129,2,'9婉婷情怀大床房/近天安门/故宫/南锣鼓巷/王府井，簋街/协和医院/陆军总医院','北京市, 东城区, 平安发展大厦','接下来我要分享一下我住的小院落“红日路四合院”：小院座落于北京东城区，上下两层的建筑，木制台阶和连廊包围着小小的庭院。灰色的墙砖，屋顶片片青瓦，红绿色的建筑色彩搭配及雕花装饰，让人一眼就喜欢上它的古色古香。站在二楼可以俯瞰整个胡同，感受清晨的第一缕阳光和鸟鸣，可以随意摆着各种pose拍照。闲时您也可以在庭院里坐着小马夹品茶话闲，惬意之时，也体会一把古人的“偷得浮生半日闲”。','291.00',NULL,'19823687419','\nhttps://z1.muscache.cn/im/pictures/aefbb8f1-5a78-4b74-a9a2-9bd105406237.jpg?aki_policy=large\n','\nhttps://z1.muscache.cn/im/pictures/ffff2fa3-eabd-4fc1-a9e1-5229d2ff7fa3.jpg?aki_policy=x_large\n','\nhttps://z1.muscache.cn/im/pictures/42f36554-9d5b-4618-8e09-76e9d92776d2.jpg?aki_policy=x_large\n'),(130,2,'天坛公园，天安门，前门，大栅栏，故宫，王府井，雍和宫，水立方，鸟巢地铁5/14号线附近，北京南站。',' 北京市, 丰台区, 芳群园2区','为旅居北京的国内各界人士提供短期租房服务，倾力为您打造出一种具有居家式的居住环境和管家式服务的时尚居住式。','384.00',NULL,'14612365478','\nhttps://z1.muscache.cn/im/pictures/miso/Hosting-44198062/original/37c14975-8031-4e10-9620-83c8e45a7dac.jpeg?aki_policy=large\n','\nhttps://z1.muscache.cn/im/pictures/miso/Hosting-44198062/original/67104c9c-2262-48eb-b3f0-c734c75ea375.jpeg?aki_policy=large\n','\nhttps://z1.muscache.cn/im/pictures/256b61a6-f80f-49cd-8a67-b99a27ecfcb5.jpg?aki_policy=x_large\n'),(131,2,'【栖心】2-大郊亭7号线/近合生汇/百子湾/国贸/双井/欢乐谷/92寸大投影日式和风loft公寓','北京市, 朝阳区, 大成国际公寓A座','欢迎您入住日式和风LOFT——栖心。房源位于北京市朝阳区，靠近百子湾/大望路/国贸，距离“大郊亭”地铁站大约700米，乘坐地铁7号线，交通便利。','534.00',NULL,'15798765432','\nhttps://z1.muscache.cn/im/pictures/69732c69-c014-45f3-92d7-fb581d885df8.jpg?aki_policy=large\n','\nhttps://z1.muscache.cn/im/pictures/1dccbfe8-85e9-4267-bc16-cb90a1f4afdb.jpg?aki_policy=large\n','\nhttps://z1.muscache.cn/im/pictures/7d5fb64a-dc66-4112-8e65-e9023281cf40.jpg?aki_policy=x_large\n'),(132,2,'【下单享八折】三里屯舒适安静一居室/近太古里北区/近团结湖地铁站/国贸CBD','北京市, 朝阳区, 三里屯','位置：地处北京年轻潮流的三里屯商圈内，位于三里屯太古里步行街边，下楼马路对面便是3.3大厦、那里花园、三联韬奋书店、同里大厦，向南便是三里屯太古里、酒吧一条街、三里屯SOHO，只有几分钟的步程，向西便是工人体育场、世茂工三、蜂巢剧场。来住的客人会去工体看一场演唱会，或是去红街吃一顿地道的火锅，或是茶余饭后去那里花园的小广场停留休憩，或是去北京美书店老书虫享受安静的读书时光，你可以拥有三里屯“魔幻现实主义”的所有惊喜。','360.00',NULL,'18512126969','\nhttps://z1.muscache.cn/im/pictures/dadfb3bb-0425-4baa-b47f-ea1033cf5773.jpg?aki_policy=large\n','\nhttps://z1.muscache.cn/im/pictures/1d493e63-154f-4bca-a051-bc5846ecd0c5.jpg?aki_policy=large\n','\nhttps://z1.muscache.cn/im/pictures/71ce5898-411f-49ec-a822-4c62c878eeeb.jpg?aki_policy=x_large\n'),(133,3,'無舍·日旭 【每客消杀安心入住】/高清投影/免费行李寄存/东大路地铁站/近春熙路太古里IFS','四川省, 成都市, 锦江区, 环球汇·蔚然','【房源位置】2号线东大路地铁站旁,距离春熙路太古里和成都东站交通都很方便,地铁2-4站直达,打车也在15分钟内可到达、距离双流机场也只有17KM，是您旅游、出行、休息的不二之选。周边街区成熟，楼下就有连锁便利店,日常用品都能买到餐厅 小吃 火锅 应有尽有,您可以品尝到很地道的成都美食。房东随时在线，提供各种帮助及成都吃喝玩乐建议。也可点开我头像查看我的其他房源。','158.00','999.00','17745451212','\nhttps://z1.muscache.cn/im/pictures/748c9e80-3dd6-41c0-b690-230532ed141b.jpg?aki_policy=large\n','\nhttps://z1.muscache.cn/im/pictures/f55dcf4f-75cd-4ea6-a77b-7db22e2a8d90.jpg?aki_policy=x_large\n','\nhttps://z1.muscache.cn/im/pictures/5bd0238b-9611-4072-b354-b115bd38abf5.jpg?aki_policy=x_large\n'),(134,3,'Jungle | 鸭川 春熙路太古里旁小京都/带独立庭院/悠扬夏日/中央空调','四川省, 成都市, 锦江区, 天誉南区','1.8×2米双人床（宜住两人可住三人）、软硬适中床垫(深睡、完全静音)、latex system乳胶枕芯、全套高级床品。希望带给您无忧的睡眠体验。','119.00',NULL,'13326265959','\nhttps://z1.muscache.cn/im/pictures/96de6175-e336-4699-a732-c1dc51b6ee43.jpg?aki_policy=large\n','\nhttps://z1.muscache.cn/im/pictures/fa941182-0735-40b4-ac35-bea64b5a6a44.jpg?aki_policy=large\n','\nhttps://z1.muscache.cn/im/pictures/d505d1c4-bc1f-451e-8ef9-ed46d9121d9e.jpg?aki_policy=large\n'),(135,3,'超清投影&下楼就有地铁&距离春熙路4个站&文殊院&舒适LOFT&可住4人','四川省, 成都市, 金牛区, 龙湖·上城(建设中)','Hello，你所浏览的房源是一套一室一厨一卫的精装公寓我们有l两张1.5x2m大床，可供4人居住，『高速WIFI、空调、冰箱、洗衣机、电梯、电热水器、门禁、电热水壶、沙发、衣架』，房门配有智能密码锁，方便您进出；','194.00',NULL,'13688889999','\nhttps://z1.muscache.cn/im/pictures/de5ea966-89f6-4087-8e02-a4dad2a7eb93.jpg?aki_policy=large\n','\nhttps://z1.muscache.cn/im/pictures/de5ea966-89f6-4087-8e02-a4dad2a7eb93.jpg?aki_policy=large\n','\nhttps://z1.muscache.cn/im/pictures/44e27a4c-e9c8-4cf5-9e2f-8d1e53829aeb.jpg?aki_policy=large\n'),(136,3,'漫漫|云里 免清洁费！高品质设计公寓/8分钟到春熙路/下楼地铁口/家庭影院/地下停车/可开票','四川省, 成都市, 金牛区, 人民北路一段','房源位于人民北路地铁站B口，地铁1号线与地铁6号线交汇处。下楼便是龙湖的综合商业体，吃喝玩乐超级方便！位置绝佳，交通极其便利，地铁三站直达天府广场，四站可达春熙路太古里。仅靠金牛万达广场、龙湖上城天街购物中心、成都火车站、文殊院、宽窄巷子。','174.00',NULL,'15615154848','\nhttps://z1.muscache.cn/im/pictures/d8a4352f-8324-4845-b5cf-f41477baf784.jpg?aki_policy=large\n','\nhttps://z1.muscache.cn/im/pictures/9c2e6d67-6fa1-4578-866f-a9c1377fbf52.jpg?aki_policy=large\n','\nhttps://z1.muscache.cn/im/pictures/4938b246-22f3-43a4-be71-53e311d30e0c.jpg?aki_policy=large\n'),(137,3,'【网红空中花园】春熙路｜熊猫基地｜宽窄巷子｜楼下王府井｜近地铁｜免费空中书吧｜空中咖啡厅｜严格消毒｜','四川省, 成都市, 成华区, 永立龙寓','我们根据面积从小到大一共三种房型，每种房型都有数套，装修风格一样，都在这栋楼里面，可以多订。点击房东头像，浏览更多其他房型，记得关注收藏房源呦！','158.00','999.00','14496325888','\nhttps://z1.muscache.cn/im/pictures/1cde920a-9e5c-45d3-a760-847abface937.jpg?aki_policy=large\n','\nhttps://z1.muscache.cn/im/pictures/d14b4bb0-9e70-4288-b3e6-4b878b7dc369.jpg?aki_policy=large\n','\nhttps://z1.muscache.cn/im/pictures/51eca491-e9d3-4c77-a95c-e2ad9d2a9cec.jpg?aki_policy=large\n'),(138,3,'【無舍民宿·石粹】100寸高清投影/地铁口/行李免费寄存/近春熙路/九眼桥/东站/宽窄巷/天府广场','四川省, 成都市, 锦江区, 环球汇·蔚然','大家好,我是房东瓶子,成都本地大男孩,了解本地的各种美食,可以帮你做推荐｡【交通】距地铁2号线东大路站100m,2站即到成都东站,4站即到春熙路步行街(ifs､太古里),及近邻宽窄巷子､锦里､武侯祠､东郊记忆､杜甫草堂等各大景区｡【小区】高档板块的豪华公寓,酒店式入户大堂,市中心环境好,24小时安保系统','138.00',NULL,'16812312399','\nhttps://z1.muscache.cn/im/pictures/miso/Hosting-47258093/original/f7afc6fa-1828-4a3e-8597-4ef848759907.jpeg?aki_policy=large\n','\nhttps://z1.muscache.cn/im/pictures/miso/Hosting-47258093/original/edb70213-51c0-4487-879b-3c02ff572875.jpeg?aki_policy=large\n','\nhttps://z1.muscache.cn/im/pictures/miso/Hosting-47258093/original/483a8d6c-f8ef-4431-bb81-63d0f5d5060a.jpeg?aki_policy=x_large\n'),(139,4,'涪陵高笋塘新世纪泽胜双子塔观景房','重庆市, 涪陵区, 涪陵荔枝街道','房间为北欧风格，位于高层楼房，配有洗衣机、冰箱、厨具，可洗衣做饭。百兆宽带极速上网，55寸超大液晶电视，空调，智能门锁，沙发，茶几，优质床上用品，高档洗漱用品等。房间由专业人员清洁，每客一扫，每客一换，干净整洁。','136.00',NULL,'19912345689','\nhttps://z1.muscache.cn/im/pictures/10b77f24-5e62-45d3-ac42-b6c1997548fd.jpg?aki_policy=large\n','\nhttps://z1.muscache.cn/im/pictures/5ca9d3a5-6dcd-4554-b258-198f95acb4ca.jpg?aki_policy=large\n','\nhttps://z1.muscache.cn/im/pictures/2717192c-fee7-4e07-b117-4a70c083b190.jpg?aki_policy=large\n'),(140,4,'涪陵泽胜中央广场～舒适全街景房（可洗衣做饭）','重庆市, 涪陵区, 双子塔','现代风格装修。临街落地窗，丽江手鼓、小冰箱，独立厨房可做饭。配有优眠乳胶床垫，手机充电器。床品及巾类严格按四星酒店标准洗涤，杯具及拖鞋用84消毒液浸泡消毒。当您出差旅行下榻该房间时，可悠闲坐落地窗旁，看来往的路人风景，敲响丽江手鼓感受独有的浪漫情怀！','189.00',NULL,'15612345612','\nhttps://z1.muscache.cn/im/pictures/ecb6aeca-039e-44e8-bc29-0c420f7a8635.jpg?aki_policy=large\n','\nhttps://z1.muscache.cn/im/pictures/9d69dfaf-9f1e-4728-a2ca-228529650a87.jpg?aki_policy=large\n','\nhttps://z1.muscache.cn/im/pictures/dabeda9c-fc81-4298-9bc5-ffc461708d2c.jpg?aki_policy=x_large\n'),(141,4,'涪陵泽胜中央广场～落地大床房（可做饭）','重庆市, 涪陵区, 双子塔','日式原木风格装修，大飘窗、独立洗浴间、独立厨房可做饭。该房间最多可入住三人，是三口之家的首要选择。配有优眠乳胶床垫，手机充电器，可点播网络电视。床品及巾类严格按四星酒店标准洗涤，杯具及拖鞋用84消毒液浸泡消毒。希望房间内别具童真和风情的休闲沙发能给您的旅途带去一丝温暖和轻松。','173.00',NULL,'13487654321','\nhttps://z1.muscache.cn/im/pictures/miso/Hosting-47164049/original/3d845bd1-3580-454e-835f-399b64905432.jpeg?aki_policy=large\n','\nhttps://z1.muscache.cn/im/pictures/miso/Hosting-47164049/original/694bb6d7-eeac-4a64-a968-3e81762fb7c4.jpeg?aki_policy=large\n','\nhttps://z1.muscache.cn/im/pictures/miso/Hosting-47164049/original/36f2c3c6-5dd3-49c8-8b3c-68b1e2fc26aa.jpeg?aki_policy=large\n'),(142,4,'【拾光民宿】宝龙广场商圈泽胜温泉城现代简约2居室',' 重庆市, 涪陵区, 泽胜温泉城','本套房源为房东自住房。所以装修材料以及各类家电都是一线品牌。小区周围配套设施齐全，楼下停车场，车程5分钟可到涪陵西城商圈宝龙广场，永辉超市，宝龙商业街，宝龙好吃街，以及涪陵客运中心。从房间里面可以看到小区绿化，让你体验不一样的风景。','268.00','999.00','13325885225','\nhttps://z1.muscache.cn/im/pictures/4ffabd26-a191-4483-be59-3e7674e730bd.jpg?aki_policy=large\n','\nhttps://z1.muscache.cn/im/pictures/7e449b5b-7ab7-41f0-9ac4-569130fabde2.jpg?aki_policy=large\n','\nhttps://z1.muscache.cn/im/pictures/6ab9b15e-1182-45d2-85a3-e3ec106f2f97.jpg?aki_policy=large\n'),(143,4,'涪陵泽胜温泉城倚风居','重庆市, 涪陵区, 涪陵迎宾大道泽胜温泉城小区','倚风居是以家的模式，为旅途中的您提供最温暖舒适的休憩之所。小区环境优美恬静，并配有蓝球场，羽毛球场，小区内有重庆西南最优质的温泉，最大的水上儿童乐园以及健身场地，24小时安保巡逻，为您的安全保驾护航。','398.00',NULL,'15598653223','\nhttps://z1.muscache.cn/im/pictures/543281c2-3613-41f0-ae4f-95bae0fba517.jpg?aki_policy=large\n','\nhttps://z1.muscache.cn/im/pictures/6f223aec-c426-482d-b40c-ad61385bf4be.jpg?aki_policy=large\n','\nhttps://z1.muscache.cn/im/pictures/d2971c9a-eec3-41a7-9e77-a1f191f995c5.jpg?aki_policy=large\n'),(144,4,'海马爸爸民宿','重庆市, 涪陵区, 金科·中央公园城1期','房间很干净，也很清爽，花了我很多心思。色彩很素静，不会有让心烦乱的感觉，阳台可以看得很远，很适合放松心情。','128.00',NULL,'18998778912','\nhttps://z1.muscache.cn/im/pictures/f575bed5-0c43-4f12-9b28-9203a248d3b1.jpg?aki_policy=large\n','\nhttps://z1.muscache.cn/im/pictures/3d0178a6-aab7-4559-a895-d6608cb0654d.jpg?aki_policy=large\n','\nhttps://z1.muscache.cn/im/pictures/acdfaf33-eaf8-400a-a402-78a6fc796564.jpg?aki_policy=large\n'),(145,5,'【夏日の懒猫】静安寺/百年愚园路/网红之路/中山公园外滩人民广场吃喝一条线/近2号线/江苏路地铁站','上海市, 静安区','【特色】房间内有空调，电暖气片，2台除湿器。距离江苏路地铁站500米左右，小区进门口有公共市集 【户型】我的房子是1室1厅1卫loft，干净整洁，有厨房，有1张1.5米榻榻米可供2人居住，有1个卫生间。','280.00',NULL,'16551512525','\nhttps://z1.muscache.cn/im/pictures/42eb84cd-3398-428d-831d-43e2ce21b7c6.jpg?aki_policy=large\n','\nhttps://z1.muscache.cn/im/pictures/8f43f777-fbfc-4052-8b92-c9a12ebde299.jpg?aki_policy=large\n','\nhttps://z1.muscache.cn/im/pictures/d9292c44-9388-43a9-88e0-59817d9dfd3c.jpg?aki_policy=large\n'),(146,5,'【朝花夕拾】『安心360消毒』南京西路商圈，一楼石库门，新风系统，近荣宅，兴业太古汇，地铁南京西路站','上海市, 静安区','可短租1-3个月！或长租，房间每次清洁后全面消毒，客人测量体温入住！我的名下还有其他几套独立民宿，可以点击我的头像，获取信息！可以凭借之前的订单获取 9折优惠！','259.00','999.00','13539391717','\nhttps://z1.muscache.cn/im/pictures/prohost-api/Hosting-49199341/original/a32730df-49d4-4d3a-8dfe-624de8def075.jpeg?aki_policy=large\n','\nhttps://z1.muscache.cn/im/pictures/prohost-api/Hosting-49199341/original/a7ffa2ef-55fb-42bd-9f5d-865fdbd9c009.jpeg?aki_policy=large\n','\nhttps://z1.muscache.cn/im/pictures/prohost-api/Hosting-49199341/original/124dd5f6-235b-4aa6-ab52-75b579a68ce8.jpeg?aki_policy=large\n'),(147,5,'LOFT一居｜外出的花精灵 复兴中路 近地铁陕西南路 iapm 富民路巨鹿路长乐路 虹桥火车站直达','上海市, 徐汇区','LOFT设计，充分利用空间，打造视觉效果。小沙发，抱枕和花，一切都是这么可爱又温馨','238.00',NULL,'15558624563','\nhttps://z1.muscache.cn/im/pictures/462efc59-58d7-47ff-ab6b-d0120b3ddeff.jpg?aki_policy=large\n','\nhttps://z1.muscache.cn/im/pictures/136ad62b-c6f1-4feb-8b40-9b3c3fb9fe40.jpg?aki_policy=large\n','\nhttps://z1.muscache.cn/im/pictures/86ae7fde-c99f-4d74-97b4-85ea73a0c120.jpg?aki_policy=large\n'),(148,5,'鹿头舍x马卡龙A 华东师范大学旁独享一居室社区生活家 阳光小院 120寸投影 完备厨房','上海市, 普陀区','静安区，徐汇区，黄浦区的交汇位置，有太多有腔调的路，参天的法桐和红顶洋房勾勒出上海独有的氛围。咖啡厅，小酒馆，奶茶店，买手店，名人住宅林立，如果你有一双发现美的眼睛，每张照片都会很精彩','268.00',NULL,'19123456789','\nhttps://z1.muscache.cn/im/pictures/1b81e86b-c8b6-4adc-a3d2-935ea94d7db2.jpg?aki_policy=large\n','\nhttps://z1.muscache.cn/im/pictures/201f735f-9bf5-4c84-98e3-b8bba9b86499.jpg?aki_policy=large\n','\nhttps://z1.muscache.cn/im/pictures/3245fd07-7f2e-4b82-a140-22a3774cd8cb.jpg?aki_policy=large\n'),(149,5,'【海天霞】复古英伦轻奢巨幕投影带公共庭院露台 新天地•淮海中路•思南公馆•瑞金医院步行5分钟百年洋房','上海市, 黄浦区','位于黄浦区新天地南昌路，2015年入列上海历史保护建筑，独栋四层洋房+温馨小院+淮海路天际线景观露台，闹中取静，如果你想切身感受上海弄堂文化和慢生活，这里是你的最好选择。如果你想感受上海的时尚和节奏，这里也是你的最好选择。','304.00','999.00','16314693287','\nhttps://z1.muscache.cn/im/pictures/18bfafca-52f1-4331-b822-737182debd12.jpg?aki_policy=large\n','\nhttps://z1.muscache.cn/im/pictures/56212ec7-89bf-4b5c-956e-8b83e7478db0.jpg?aki_policy=large\n','\nhttps://z1.muscache.cn/im/pictures/6a67480f-323c-4b32-a4f8-a3cd079cbfbe.jpg?aki_policy=large\n'),(150,5,'{光影}市中心近地铁徐家汇交通大学带投影仪的独立LOFT一居|武康路上海图书馆|直达迪士尼虹桥可长租',' 上海市, 长宁区','=====位于市中心，周边梧桐夹道，闹中取静=====','347.00',NULL,'15101230123','\nhttps://z1.muscache.cn/im/pictures/fbf59523-66be-4686-85b7-b2a62be47ebd.jpg?aki_policy=large\n','\nhttps://z1.muscache.cn/im/pictures/45ecd606-cdc1-480a-96be-46d4b9d0349b.jpg?aki_policy=large\n','\nhttps://z1.muscache.cn/im/pictures/da028b65-c73e-465c-8a3e-d8c47d2f512a.jpg?aki_policy=large\n');

/*Table structure for table `house_collect` */

CREATE TABLE `house_collect` (
  `hcid` int(11) unsigned NOT NULL AUTO_INCREMENT COMMENT '房源收藏id,主键自增',
  `uid` int(11) unsigned NOT NULL COMMENT '外键,用户id',
  `hid` int(11) unsigned NOT NULL COMMENT '外键,房源id',
  PRIMARY KEY (`hcid`),
  KEY `uid` (`uid`),
  KEY `hid` (`hid`),
  CONSTRAINT `house_collect_ibfk_1` FOREIGN KEY (`uid`) REFERENCES `user` (`uid`) ON DELETE CASCADE ON UPDATE CASCADE,
  CONSTRAINT `house_collect_ibfk_2` FOREIGN KEY (`hid`) REFERENCES `house` (`hid`) ON DELETE CASCADE ON UPDATE CASCADE
) ENGINE=InnoDB AUTO_INCREMENT=5 DEFAULT CHARSET=utf8;

/*Data for the table `house_collect` */

insert  into `house_collect`(`hcid`,`uid`,`hid`) values (1,1,1),(2,1,2),(3,1,7),(4,2,100);

/*Table structure for table `house_history` */

CREATE TABLE `house_history` (
  `hhid` int(11) unsigned NOT NULL AUTO_INCREMENT COMMENT '房源浏览历史id,主键自增',
  `uid` int(11) unsigned NOT NULL COMMENT '外键,用户id',
  `hid` int(11) unsigned NOT NULL COMMENT '外键,房源id',
  PRIMARY KEY (`hhid`),
  KEY `uid` (`uid`),
  KEY `hid` (`hid`),
  CONSTRAINT `house_history_ibfk_1` FOREIGN KEY (`uid`) REFERENCES `user` (`uid`) ON DELETE CASCADE ON UPDATE CASCADE,
  CONSTRAINT `house_history_ibfk_2` FOREIGN KEY (`hid`) REFERENCES `house` (`hid`) ON DELETE CASCADE ON UPDATE CASCADE
) ENGINE=InnoDB AUTO_INCREMENT=5 DEFAULT CHARSET=utf8;

/*Data for the table `house_history` */

insert  into `house_history`(`hhid`,`uid`,`hid`) values (1,1,1),(2,1,2),(3,1,7),(4,2,100);

/*Table structure for table `inbox` */

CREATE TABLE `inbox` (
  `mid` int(11) unsigned NOT NULL AUTO_INCREMENT COMMENT '收件箱id,主键自增',
  `uid` int(11) unsigned NOT NULL COMMENT '外键,用户id',
  `msg` varchar(255) NOT NULL COMMENT '消息',
  PRIMARY KEY (`mid`),
  KEY `foreign key` (`uid`),
  CONSTRAINT `inbox_ibfk_1` FOREIGN KEY (`uid`) REFERENCES `user` (`uid`) ON DELETE CASCADE ON UPDATE CASCADE
) ENGINE=InnoDB AUTO_INCREMENT=3 DEFAULT CHARSET=utf8;

/*Data for the table `inbox` */

insert  into `inbox`(`mid`,`uid`,`msg`) values (1,1,'测试信息XXXXXXXXXXXXXXXXXXXXXXXXXXXXXXXXXXXXXXXXXXXX测试信息'),(2,2,'芜湖 好耶');

/*Table structure for table `paid` */

CREATE TABLE `paid` (
  `pid` int(11) unsigned NOT NULL AUTO_INCREMENT COMMENT '已购id,主键自增',
  `uid` int(11) unsigned NOT NULL COMMENT '外键,用户id',
  `hid` int(11) unsigned NOT NULL COMMENT '外键,房源id',
  `start_date` date NOT NULL COMMENT '起始时间',
  `end_date` date NOT NULL COMMENT '结束时间',
  PRIMARY KEY (`pid`),
  KEY `uid` (`uid`),
  KEY `hid` (`hid`),
  CONSTRAINT `paid_ibfk_1` FOREIGN KEY (`uid`) REFERENCES `user` (`uid`),
  CONSTRAINT `paid_ibfk_2` FOREIGN KEY (`hid`) REFERENCES `house` (`hid`)
) ENGINE=InnoDB AUTO_INCREMENT=3 DEFAULT CHARSET=utf8;

/*Data for the table `paid` */

insert  into `paid`(`pid`,`uid`,`hid`,`start_date`,`end_date`) values (2,2,100,'2021-10-01','2021-11-01');

/*Table structure for table `user` */

CREATE TABLE `user` (
  `uid` int(11) unsigned NOT NULL AUTO_INCREMENT COMMENT '用户ID,主键自增',
  `user_name` varchar(32) DEFAULT NULL COMMENT '用户名,唯一',
  `password` varchar(32) NOT NULL COMMENT '密码',
  `user_phone` char(11) NOT NULL COMMENT '手机号,唯一',
  `email` varchar(32) DEFAULT NULL COMMENT '邮箱,唯一',
  `avatar` varchar(50) DEFAULT NULL COMMENT '头像',
  `realname` varchar(32) DEFAULT NULL COMMENT '真实姓名',
  `idcard` char(18) DEFAULT NULL COMMENT '身份证号,唯一',
  PRIMARY KEY (`uid`),
  UNIQUE KEY `user_phone` (`user_phone`),
  UNIQUE KEY `email` (`email`),
  UNIQUE KEY `idcard` (`idcard`),
  UNIQUE KEY `user_name` (`user_name`)
) ENGINE=InnoDB AUTO_INCREMENT=7 DEFAULT CHARSET=utf8;

/*Data for the table `user` */

insert  into `user`(`uid`,`user_name`,`password`,`user_phone`,`email`,`avatar`,`realname`,`idcard`) values (1,'测试员1号','123456','15812345678','tester@tedu.cn',NULL,'张三','500122199010107117'),(2,'lisi','123456','13008089696','lisi123@qq.com',NULL,'李四','500144199611107236'),(3,'wangwu','123456','13812124545','wangwu123@tedu.com',NULL,'王五','510236198001096116'),(4,'小花','123456','15583835656','xiaohua123@tedu.com',NULL,'花花','100122199910107127'),(5,'black','123456','15887654321','dahei123@tedu.com',NULL,'大黑','501022200010106119'),(6,NULL,'123456','15011112222',NULL,NULL,NULL,NULL);

/*!40101 SET SQL_MODE=@OLD_SQL_MODE */;
/*!40014 SET FOREIGN_KEY_CHECKS=@OLD_FOREIGN_KEY_CHECKS */;
/*!40014 SET UNIQUE_CHECKS=@OLD_UNIQUE_CHECKS */;
/*!40111 SET SQL_NOTES=@OLD_SQL_NOTES */;
